step,config,perf_fitted,perf:APSFailure,perf:Amazon_employee_access,perf:Another-Dataset-on-used-Fiat-500,perf:Bank_Customer_Churn,perf:Bioresponse,perf:Diabetes130US,perf:E-CommereShippingData,perf:Fitness_Club,perf:Food_Delivery_Time,perf:GiveMeSomeCredit,perf:HR_Analytics_Job_Change_of_Data_Scientists,perf:Is-this-a-good-customer,perf:MIC,perf:Marketing_Campaign,perf:NATICUSdroid,perf:QSAR-TID-11,perf:QSAR_fish_toxicity,perf:SDSS17,perf:airfoil_self_noise,perf:anneal,perf:bank-marketing,perf:blood-transfusion-service-center,perf:churn,perf:coil2000_insurance_policies,perf:concrete_compressive_strength,perf:credit-g,perf:credit_card_clients_default,perf:customer_satisfaction_in_airline,perf:diabetes,perf:diamonds,perf:hazelnut-spread-contaminant-detection,perf:healthcare_insurance_expenses,perf:heloc,perf:hiva_agnostic,perf:houses,perf:in_vehicle_coupon_recommendation,perf:jm1,perf:kddcup09_appetency,perf:maternal_health_risk,perf:miami_housing,perf:online_shoppers_intention,perf:physiochemical_protein,perf:polish_companies_bankruptcy,perf:qsar-biodeg,perf:seismic-bumps,perf:splice,perf:students_dropout_and_academic_success,perf:superconductivity,perf:taiwanese_bankruptcy_prediction,perf:website_phishing,perf:wine_quality,cost_fitted,cost:APSFailure,cost:Amazon_employee_access,cost:Another-Dataset-on-used-Fiat-500,cost:Bank_Customer_Churn,cost:Bioresponse,cost:Diabetes130US,cost:E-CommereShippingData,cost:Fitness_Club,cost:Food_Delivery_Time,cost:GiveMeSomeCredit,cost:HR_Analytics_Job_Change_of_Data_Scientists,cost:Is-this-a-good-customer,cost:MIC,cost:Marketing_Campaign,cost:NATICUSdroid,cost:QSAR-TID-11,cost:QSAR_fish_toxicity,cost:SDSS17,cost:airfoil_self_noise,cost:anneal,cost:bank-marketing,cost:blood-transfusion-service-center,cost:churn,cost:coil2000_insurance_policies,cost:concrete_compressive_strength,cost:credit-g,cost:credit_card_clients_default,cost:customer_satisfaction_in_airline,cost:diabetes,cost:diamonds,cost:hazelnut-spread-contaminant-detection,cost:healthcare_insurance_expenses,cost:heloc,cost:hiva_agnostic,cost:houses,cost:in_vehicle_coupon_recommendation,cost:jm1,cost:kddcup09_appetency,cost:maternal_health_risk,cost:miami_housing,cost:online_shoppers_intention,cost:physiochemical_protein,cost:polish_companies_bankruptcy,cost:qsar-biodeg,cost:seismic-bumps,cost:splice,cost:students_dropout_and_academic_success,cost:superconductivity,cost:taiwanese_bankruptcy_prediction,cost:website_phishing,cost:wine_quality
1,KNeighbors_r129_BAG_L1,False,0.0196078431372549,0.0196078431372549,0.0196078431372549,0.0196078431372549,0.0196078431372549,0.0196078431372549,0.0196078431372549,0.0196078431372549,0.0196078431372549,0.0196078431372549,0.0196078431372549,0.0196078431372549,0.0196078431372549,0.0196078431372549,0.0196078431372549,0.0196078431372549,0.0196078431372549,0.0196078431372549,0.0196078431372549,0.0196078431372549,0.0196078431372549,0.0196078431372549,0.0196078431372549,0.0196078431372549,0.0196078431372549,0.0196078431372549,0.0196078431372549,0.0196078431372549,0.0196078431372549,0.0196078431372549,0.0196078431372549,0.0196078431372549,0.0196078431372549,0.0196078431372549,0.0196078431372549,0.0196078431372549,0.0196078431372549,0.0196078431372549,0.0196078431372549,0.0196078431372549,0.0196078431372549,0.0196078431372549,0.0196078431372549,0.0196078431372549,0.0196078431372549,0.0196078431372549,0.0196078431372549,0.0196078431372549,0.0196078431372549,0.0196078431372549,0.0196078431372549,False,0.0196078431372549,0.0196078431372549,0.0196078431372549,0.0196078431372549,0.0196078431372549,0.0196078431372549,0.0196078431372549,0.0196078431372549,0.0196078431372549,0.0196078431372549,0.0196078431372549,0.0196078431372549,0.0196078431372549,0.0196078431372549,0.0196078431372549,0.0196078431372549,0.0196078431372549,0.0196078431372549,0.0196078431372549,0.0196078431372549,0.0196078431372549,0.0196078431372549,0.0196078431372549,0.0196078431372549,0.0196078431372549,0.0196078431372549,0.0196078431372549,0.0196078431372549,0.0196078431372549,0.0196078431372549,0.0196078431372549,0.0196078431372549,0.0196078431372549,0.0196078431372549,0.0196078431372549,0.0196078431372549,0.0196078431372549,0.0196078431372549,0.0196078431372549,0.0196078431372549,0.0196078431372549,0.0196078431372549,0.0196078431372549,0.0196078431372549,0.0196078431372549,0.0196078431372549,0.0196078431372549,0.0196078431372549,0.0196078431372549,0.0196078431372549,0.0196078431372549
2,ExtraTrees_c1_BAG_L1,True,-0.002600016935180757,0.006914256985561978,0.015962389735823257,0.009512635780623467,0.007827815946223093,0.028238482253162608,0.021520919278421757,0.02035688544622406,0.04065138548298448,0.005704991029713056,0.018045784510623292,0.024327086954745013,0.02434327053652631,0.004812768503100992,0.0010148637029814545,0.01981401650327526,0.02812692753711957,-0.007725751396507367,0.00031109919973643536,-0.002085552914435943,0.024727373844934255,0.0317910408703972,0.0024326167755710885,0.025266661157087995,0.0031759522561457206,0.01674846197617588,0.01932168936001427,-0.002700641513631839,0.01403128668054651,0.0029097125410055004,0.0007839366839224104,0.016129555834354287,0.015293455239044183,0.04769891735864085,0.01686886253713475,0.013917090684763388,0.0192105510905751,0.005507768108479141,0.006119811906168779,0.011261565577864821,0.00019211989257534172,0.024779343285107135,0.0016548004178854787,0.004053276994030188,0.019211804756220887,0.01010916737946585,0.01026905401472418,0.010013152713169413,-0.0023170580920881746,0.01326517816101537,0.029103958991311244,True,-0.002995023928737653,-0.002618309659111046,0.002454294343155859,-0.0022223849499997668,0.0013429904976794457,-0.0018070293164199308,0.007112247272151939,0.004076485469350377,-0.0017510832874519278,-0.00785216448677938,0.00832905419660563,0.003597523891622219,0.001576047263015725,0.004331494556528325,0.003915665990710643,0.01752537324106993,0.0019924805901326958,-0.0068989616820891095,0.0025526670577868675,0.002921153146093182,0.005006314523588045,0.002960258073110129,0.006692975291331142,0.00460157428378114,0.0014770712698790574,0.003454489159135602,0.00815197009044898,-0.007110012575770965,0.0030206613984991443,0.003375578777330383,0.004172044580256886,0.0023580440770039467,0.00816159844834611,0.0005951590703555319,0.010090338350450891,0.005441841544708782,0.008135512486449593,-0.001609383986485843,0.0035203623966205263,0.001331236244680075,0.005826605708611275,0.010243796929545275,0.0057621519131311185,0.0034848190604081153,0.006046101039551092,0.0018019652485999774,0.004718224141307316,0.021141357296429367,0.004210931514450134,0.003368715233974834,0.0019660459505886265
3,RandomForest_r162_BAG_L1,True,-0.0019165899798101946,0.026804605086708844,0.01591215139553232,0.009073612045901696,0.007089905856052766,0.028694508858147914,0.021012240188102365,0.018642239876052187,0.040361823146260994,0.0034003728603071385,0.01750617445806265,0.02152400719906249,0.02115131635908294,0.003930349259554042,0.0008965863272258879,0.019988384833029758,0.029177439781038816,-0.011544947020768744,-0.00017661932222166714,-0.00444597664992646,0.024582464117637103,0.03125089986723442,0.0011648519273721103,0.02281078930448047,0.0013507075543089803,0.016314849387152476,0.019179749503825998,-0.0021631049451819083,0.013802436189573917,0.00250065556672877,8.72126534038173e-05,0.015945189812875248,0.014765374583028863,0.049585728597725316,0.021522064328863957,0.015710482723316987,0.020960956333203228,0.019739868667345013,0.0037645689562243855,0.011098421137423872,-0.0018101005098136976,0.0253903719233138,-0.003374733078594076,0.003986853676413792,0.01606831284623556,0.002585535513893434,0.006418741248069477,0.00986083083505114,-0.0038793665410748446,0.01207495944573692,0.031314322436229565,True,-0.025414566212076356,-0.013719646132311362,-0.015960501853963503,-0.020711025180067715,-0.005317817581698917,-0.002758602217201546,0.002514414753355775,-0.010472125195919536,-0.010721619380796802,-0.016022191757666653,0.010354217995194532,-0.012131113788922399,-0.009471604322194687,-0.009712494295032998,-0.0017388561920519546,0.044946671278883056,-0.018029056521290443,-0.026458566088793767,-0.016073332314301258,-0.013168622811122924,0.007585010290290946,-0.0148693304057852,-0.0026126197528937058,-0.0017221094864623195,-0.01997589453887103,-0.011863441930358237,0.00904401721641068,-0.020412134699202,-0.01467368893690642,0.002840219312594456,-0.01156045387765832,-0.016471794818775004,0.00442496229724257,0.00021209105745203247,0.018578340879561304,0.00021372848480068207,0.004564348567625751,-0.00531309248579101,-0.01282717044959252,-0.009822349595218062,-0.002253421332321894,0.01582396630705876,-0.00751816778115889,-0.012899985455852614,-0.0047917122865468766,-0.010789195248891999,-0.007178721290200403,0.03725787797839823,-0.008800550823630533,-0.012953327360965746,-0.012507179730830731
4,CatBoost_r159_BAG_L1,True,-0.002938244808646937,0.03486694870747977,0.010502977889671819,0.007889697559850086,0.0037880252580554646,0.03120605734490555,0.01331565568640954,0.02407250559029527,0.043107695637020875,0.0031256506857368998,0.017403488566783556,0.024239903497415113,0.020464974587899896,0.0031730726956137145,0.002671095879283974,0.014849050969875665,0.02159960013660814,-0.01116373023540124,0.0002666457978391321,-0.003627258486573791,0.031791946518783656,0.03801801319793919,-0.0018748367019751015,0.03345309750453976,-0.0014236188844776547,0.014770383572036258,0.018218666069748486,-0.00288282124482501,0.010306798496124911,-0.0006418509785297185,0.002853526005759022,0.0118363759639795,0.009695216462565407,0.037377161334620684,0.02523467914205622,0.023503465692856402,0.01062697494310436,0.037230973902022506,-0.006847486908978284,0.011862410754961947,-0.0028483434517892793,0.018197530106179895,0.014214171912332294,0.0005998108588344184,0.018225967460241105,0.035089922739873915,-0.0024300622705656005,0.005304045516201192,-0.008172170355255238,0.013690377990790203,0.022182260718082613,True,0.0021482016549103453,0.047396644583732016,-0.027889470027366678,-0.017685416122368063,0.04501387744683391,0.08506860218893333,-0.012476721052135768,-0.046165738113036016,0.027263065452257713,0.057524057916194686,0.0158201399345531,-0.04315914898319663,0.010227000661053535,-0.016036846344483283,0.03034142363001771,0.10302873257714255,-0.03555811522055067,0.03605530947601573,-0.01953385753682552,-0.016749025963020615,0.03615602228192163,-0.06128696219071506,0.001646514350539188,0.004349699771187999,-0.019484223109924613,-0.0339213971888438,0.022134414328394487,0.05873447997855918,-0.04515019315869803,0.041882940426684064,0.008715618946073993,-0.05647311451509244,-0.0032318905355014794,0.042456572459828486,0.0658785313592108,0.018549257951515824,0.016671774511765648,0.0820559861074804,-0.028039962615117785,0.02425617423141403,-0.0013792501233773492,0.04390921173766654,0.010943376679178062,-0.013791349274229392,-0.029390951599395466,0.012498756517077242,-0.0022124968574275105,0.05087360611762916,0.011146926516488269,-0.04529934758254191,0.010274961782058185
5,LinearModel_r30_BAG_L1,True,-0.0029860897494489455,0.039274580330568715,0.012807252935201578,0.0036991343129366486,0.0015191525197454578,0.04039878332127597,0.015789621474844244,0.03065909161121185,0.04279534857344101,-0.004194329535505512,0.021576916588580883,0.03230808103050291,0.02999665084296926,0.006976090689157813,0.0035659490238090074,-0.0007472442923113637,0.008677424877322704,-0.008689196310319345,-0.025318494418748286,-0.0065677482936954195,0.03741061270853084,0.04617349384418584,-0.007028571296219503,0.04122420098107716,-0.022689399811957243,0.019137549332565066,0.01811377439042517,-0.0041012990356722664,0.013235373017967553,-0.005176469487472309,0.0037211225999360317,0.010594710452371231,0.01252263906921509,0.04287267577031143,0.005017493869834751,0.022187949695609794,0.010980441515246207,0.04845868872275309,-0.012239232043914385,0.0037969249527971885,-0.0019142811548972473,0.004767385883620509,0.012155877738120335,0.001242653836372505,0.024977943449828195,0.04913645267330881,0.006624077840609043,-0.00914593963742532,-0.007878868014886147,0.01327168159393002,0.0149885282677312,True,-0.04401911551600992,0.06112766778524239,-0.02473053093257105,-0.01681184648774763,0.03957651616245282,0.10453516893337161,-0.005332096395578141,-0.045195902182003034,0.005059881901084792,0.0486364002121703,0.027757877404491784,-0.041704023963036976,0.018045590553138296,-0.01266689169898848,0.038346152298056144,0.10505556267799115,-0.033728144196284254,0.02522155534843007,-0.015660040056841552,-0.012736643378025589,0.0460672863200387,-0.06318246171147004,0.0054019527958628025,0.012052450218017681,-0.015981681735468545,-0.031905162838560895,0.021874665815015314,0.04978177546447238,-0.04467472850722259,0.027789758769351337,0.012035704436673955,-0.057137966707800705,0.002128839478620068,0.048828797050839284,0.07902761521459731,0.027077515592359797,0.024083427954660775,0.1061673074098593,-0.025020387543508295,0.01197404837715757,0.004795548321462964,0.02251164764083035,0.0045195445828865016,-0.008978699387863408,-0.028673625042040955,0.020697753559703234,0.00507624868836992,0.015497094947037708,0.003674607292274615,-0.043902926114539595,0.015489035076634192
6,LinearModel_r200_BAG_L1,True,-0.003878630415959584,0.040546147221503764,0.013837566739011944,0.007465599848374598,0.004276099595645694,0.039627731343778685,0.01836854978035477,0.029074230650399185,0.04284315671733566,-0.011491744151848518,0.02151368914333119,0.031188165184098397,0.029107499091221227,0.00537070934510521,0.0035566313829052095,-0.006151657491580614,0.0011098424654462577,-0.009215842239668502,-0.018416198393867305,-0.004099002604497437,0.03739218000443972,0.04679436361306127,0.002010257901277961,0.04077807029034318,-0.02969972954015014,0.019469459703818342,0.01858243596489744,-0.002956113496110984,0.012942558879987059,0.004931000163820092,0.004547458118249782,0.013294783881203415,0.01241424183781228,0.043279504447322086,-0.0017135483485891043,0.026333955609415878,0.011619490676196463,0.04667651942951473,-0.0056180210905313775,0.013144699727135244,-0.0027889041888441374,0.007783812321917674,0.008529299288977105,0.0026943818103524215,0.02436556469683747,0.04678844103843297,0.005404797614413063,-0.007768075521526136,-0.010236620086209071,0.016203704356663184,0.01414280101748515,True,-0.07315762643259183,0.07073269012466606,-0.022547765708059005,-0.01195075380065252,0.0018309074232417677,0.09982560232348271,-0.00628095968359364,-0.04607434538137546,0.018494180710658895,0.05490230644476768,0.027451893636436263,-0.041675861846173,0.019993693258976968,-0.010394148081555844,0.04348615035472515,0.11052548345041854,-0.03171105502712502,0.04724681008216074,-0.011045888378598517,-0.009642043762960548,0.04300655853459702,-0.06457762376660661,0.008880377771789546,0.0060121063328251335,-0.010143934224484003,-0.03211389639340661,0.01957399238598953,0.06079803764184265,-0.04282943407452522,0.04126655240130701,0.01830299389757376,-0.056699955887137506,-0.0010558235775985645,0.05377970077185435,0.08202056880241024,0.030786937533684517,0.021830741453530988,0.0785218158965648,-0.025773056515729635,0.02517812889040638,0.0025352147142077637,0.03148811225221754,-0.00917015394870994,-0.007370853859521975,-0.029832448488519063,0.02805067326551989,0.005178585996974712,0.020359609018034013,-0.01816972999935029,-0.042310805421421536,0.01918906337293245
7,LinearModel_r150_BAG_L1,True,-0.005997361177630273,0.03926734363319023,0.01390498450178941,0.00250433694949119,0.0016334130522651646,0.04106803657688149,0.019606942527015753,0.029559015976248916,0.04190040987115218,-0.04180510834591034,0.021509392604386772,0.03314459617015229,0.03230551623495752,0.005434866602899924,0.004134973027506713,0.0010201785974414401,0.008132357319053651,-0.007370464233587153,-0.019984136172365802,-0.005549701598285595,0.036888398551839764,0.050813339589001846,0.007532357865644941,0.04249859753248529,-0.0181203919814914,0.020496455277804623,0.011683891373801464,-0.0032343348994248577,0.012110715978181474,0.014267101310385798,0.00587524209020622,0.00999192182010912,0.010839267598013388,0.03782787332188675,0.007183829108744433,0.023635504632562115,0.006121582477961102,0.04858196083596966,-0.008204121721142266,0.011381220884597407,-0.004863695130944323,0.004040126576343367,-0.0006590871129674089,0.004608031809759019,0.026468800021270097,0.058051887195613563,0.011044780891010533,-0.006895386440442547,-0.01516736207248372,0.015122573153409466,0.013715214254321817,True,-0.025748068864714757,0.10799290767729186,-0.013383310691334832,-0.005351339624338772,0.001352872661436258,0.11828131760933308,-0.004275276194370431,-0.05367443120552584,0.016404944117852094,0.04815953014118246,0.007289783591360011,-0.04614465769338941,0.020223275924585823,-0.010974381456906115,0.05597630013409172,0.14348746218364072,-0.026309643569223606,0.053843721843333414,-0.007795898067268006,-0.012417688315213088,0.03708830205572901,-0.07253821817901701,0.00646559096829705,0.011498779112849772,0.001080185709830525,-0.03807920551867944,0.024918071741274486,0.06568021922407863,-0.0418086337979478,-0.07377031343821738,0.02636344941344141,-0.08700008064900944,0.005968190014473004,0.06932445965966988,0.08746302732726424,0.04697149512204983,0.03825270849285585,0.025204475049036563,-0.004575949675545726,0.02065531462654452,0.030761553095563943,0.03095611739203552,-0.0036517246103159456,-0.007764517829239967,-0.03776285481326844,0.02946921934788216,-0.0025209310259074746,0.01644051591617357,-0.059017091783585995,-0.04285957465766589,-0.014522741196033116
8,LinearModel_r165_BAG_L1,True,-0.005960688069047714,0.03380494244923347,0.012768270893602125,-0.00020233190147413496,0.0014521552929494218,0.04231500278262181,0.018119538879269842,0.030845694120637493,0.04391258804157812,-0.04790843625114849,0.021474472117005556,0.03432326022839484,0.036255340896426375,0.005963307230681926,0.004553006675729202,0.007721681787113119,0.013783039924859256,-0.008322985292322779,-0.001308285440176072,-0.01103472458432708,0.03754507618656382,0.05251738931857433,0.006193792791731586,0.04494052860312817,-0.035469903798802355,0.020381799632397033,0.009264440550875823,-0.003742532757201292,0.011457337646286259,0.012728252071221227,0.005482398976506632,0.007557503029707396,0.009697988515445958,0.03385975257118298,0.010486849092166413,0.022498044005696157,0.0026599181677863584,0.05374432189858236,-0.012293775605467114,0.008025103126271436,-0.004765163009741592,0.002823426358379011,-0.008067174192111587,0.0039030447187144227,0.028384966464559545,0.0662306435677258,0.01226931715074871,-0.00936376306776325,-0.014999224070650387,0.011808810690805515,0.012916234203350514,True,-0.024311410661788716,0.10224697868043428,-0.014262221702003735,-0.006719449266729156,-0.001297300755074407,0.11287957797110656,-0.008688632752586658,-0.053571566927479865,0.01788980623941903,0.04766437584737591,0.005428957669213957,-0.04738974965570295,0.01792453349733744,-0.012637923193885448,0.05877137356197287,0.1447778979818832,-0.025462155086805077,0.05057978460943817,-0.007698023852314278,-0.012276300373053486,0.04108607560836769,-0.07118390537491603,0.008574650411688402,0.009779086227255943,-8.213243132586777e-05,-0.03531629258460865,0.019695496406771214,0.06650634968860103,-0.04433898910563011,-0.07923573769378989,0.03266860713614723,-0.08865997077496245,0.006552899949424575,0.06999320840705558,0.08338187911017798,0.048694289288433855,0.03855221142535168,0.02988815178359186,-0.004875718995834156,0.019389305438251736,0.028956962584121584,0.03118494044281326,-0.0038363163108421153,-0.007539905800307153,-0.037369558464218924,0.04186057499852608,-0.005793688906468539,0.0182688880980097,-0.06143940778769446,-0.0474911239356742,-0.004791488708347601
9,LinearModel_r177_BAG_L1,True,-0.005227410442650628,0.015949418463986044,0.00963561667786031,0.006633997554273352,0.01777175746740156,0.03879862075733587,0.01502320708157348,0.023661337744246155,0.02389908726348222,-0.038249438321352996,0.017634855375712022,0.026148033514424476,0.0963536617831045,0.0006179818009151503,0.003638780490246959,0.029052062228082737,-0.013027543955981519,-0.022358574847424616,-0.029835456282612943,-0.03202474528936007,0.03250475170436441,0.04485019636639574,0.01784861634412145,0.04040512046852382,-0.05981368943365878,0.01772268988381162,0.010467631173588843,-0.002412422591497758,0.007629203975151405,0.020536120491879147,0.002903419410652988,0.009977855430221463,0.005375997264459476,0.02715659477915483,0.054357444999868776,0.02761410495805071,0.0012590834760103087,0.06235109865910377,-0.005931085529098407,0.021860238576024926,-0.005412764365112448,-0.00010044624365176946,-0.0025337642403301386,0.0036050906475264613,0.021504452756248224,0.06377519299741209,0.0010535375364773836,-0.010946049119829576,-0.014870869684205246,0.008233097667871035,0.026334239584084453,True,-0.061558938192258716,0.11742539411329295,-0.0179167003922672,0.004801160447534189,0.012108404688993185,0.05948895291950346,-0.01123558829140607,-0.06151079982394503,0.03401778117843188,0.09855334412987651,0.002788422723331928,-0.053429788464677136,0.027678656215471328,-0.02292965165998896,0.05933525242725929,0.13787005271800679,-0.030428887874469956,0.001129400066552988,-0.003332835942135466,-0.007808720638138825,0.050102711158586125,-0.08313184179550542,0.0063242868591507065,0.003904029347628922,0.00489443324301575,-0.047597303082285956,0.0354625575782231,0.08259613631099677,-0.04057981499197798,-0.11498097463506518,0.036828915072290185,-0.07972430191626469,0.0006764295274897941,0.08282168867413084,0.10096319338967741,0.035086556810206025,0.03078141674843748,0.011176227875988737,-0.018348346445733528,0.034937556726297087,0.028724839433209387,0.051008402318017676,0.015568836837257752,-0.0036679249933377865,-0.04200564989521551,0.040680323142061575,-0.001754098127247701,0.006150468889286942,-0.018496374600332627,-0.036603589287551586,-0.0014048910640338899
10,ExtraTrees_r168_BAG_L1,True,-0.014452928229669024,0.09198436853749847,0.013713230509432683,-0.017808130127543842,0.016815804279579127,0.05525179468665886,0.011897534041347024,0.01794418736756348,0.015048608591724189,-0.04375022945484036,0.017698794169375587,0.03742607806086207,0.13399437809802783,0.004655013278042325,0.002953772301542597,0.015429478882383552,-0.03725635584396292,0.014449458287687567,0.010766588407839839,-0.042092781683969405,0.034107750600627096,0.04879298861180004,-0.008119538094419176,0.03669879282809774,-0.0639691960259981,0.02859442599085371,0.0011491083792952161,-0.011866920699697504,0.0011804122364814096,0.00799343020555815,0.01265969649452911,0.014364480777090238,0.0024279830604698183,0.039601016132035705,0.08181114282687763,0.0193144358754207,-0.0006575198098216495,-0.03388622481777015,-0.0015235642944452232,0.013405779987737898,-0.0103150924236739,-0.009869772619245265,0.008392879891199523,0.0005748650801066513,0.008819244575230367,0.07098214704280134,-0.005167588010005164,-0.04461460615254864,-0.02438206492246736,0.015265232502965862,0.0325497983378181,True,-0.05555521685902315,0.12609017730962652,-0.021131654387424544,0.000431135887524102,-0.0253410064146134,0.06992953966200496,-0.007362122346613098,-0.064619521809251,0.04189325138154415,0.10484202433606843,0.01088803193249063,-0.05757774085050871,0.03049329410182901,-0.0270121833874178,0.05468999247602762,0.09309994791912618,-0.037020223611267666,0.015931843486859748,-0.0076438806246422325,-0.011543682534071224,0.061940377955640696,-0.09153582140869682,0.00948741381685679,0.00023129256130625768,-0.0011176469023060076,-0.052800248180502656,0.05172085577176707,0.03870055514632653,-0.044015896242766916,-0.13602100312304666,0.039852969632950215,-0.0896911587771551,0.001074102890377883,0.06767314789065224,0.11141859561545804,0.03458920208563536,0.024760296329577165,0.03474673639326517,-0.021428694723859998,0.050424552557678026,0.03728816340606775,0.07100496300707104,0.028214220303368787,-0.0048457796316761295,-0.03740623791331066,0.04456868209923456,0.0016134636577607095,0.019501629606206217,-0.011395881883038764,-0.039084851044062265,-0.003991671747391832
11,LightGBM_r9_BAG_L1,True,-0.009848154300364207,0.06703937074583133,0.01598388062394271,-0.012367386498099611,0.011703899381423515,0.05061227047267908,0.014562879582484325,0.02370764890412004,0.02142647310774068,-0.029388311383035264,0.017310010376435328,0.032857180837911865,0.1070722710439157,0.007665899005533324,0.001702991906893667,0.01276225190578019,-0.014660938573231933,0.014575846927742468,0.011079895522163825,-0.03465689907750177,0.027249686129225584,0.042578024047823515,-0.012062133709321136,0.030471058921210603,-0.05708608888798544,0.026702779880665592,0.0035395451941989398,-0.010064984919669145,0.008692029345375787,-0.001079127318144319,0.0073548241887142745,0.03325062436792496,0.008567632405450248,0.04336847041786468,0.05567796676691216,0.007100294397398961,0.00728481588893444,-0.0010413437772005124,0.0019089872756291315,0.0005878179358220839,-0.004039591966492197,-0.006749046575855122,-0.005377295298325632,0.0020144681788223547,0.012270890929018341,0.03874977948493655,0.009981301158781444,-0.03786402276756948,-0.01330145933216131,0.006197086291760825,0.030786577423651314,True,-0.05631491011417196,0.14339890310934184,-0.011702688319761442,0.004045385109447762,-0.03375638744722211,0.07137773563015187,-0.010274197475911347,-0.0668064702228206,0.07656737257540878,0.1143341841061753,0.0013835412074767912,-0.05303138689196042,0.03730984071271068,-0.015382442375149831,0.052406090722000656,0.10264661777275674,-0.03003142034117567,0.012807646257511334,-0.027675504881202392,-0.03915310905206058,0.057893782175986994,-0.09406357893597987,0.015371926587518282,-0.008808771504874788,0.0030709244879415336,-0.05071454644511014,0.06152205277846978,0.013378937772815663,-0.03417259071145634,-0.12785613313459154,0.06307358297819962,-0.08985510442852664,-0.00565653283868164,0.07980060701653094,0.10758313340370967,0.03003403049963469,0.02538078429287592,0.02960057880525578,-0.035579983427377095,0.01762410019681819,0.03482039738485622,0.0196165997401756,0.040582580248081424,0.01345335870760108,-0.04105972106528297,0.03946270817616709,-0.00012823294571952248,0.037065388952806214,-0.0010542700317181792,-0.048674872795784425,-0.002330702201425412
12,LinearModel_r139_BAG_L1,True,-0.03005889825203624,0.07307143075789047,0.013162474295026427,-0.015096425967701471,0.006751777687757449,0.056839452167854354,0.0022851777802969653,0.04632319402633511,0.024721990006972838,-0.052890798108928855,0.012229987696826816,0.03202055305088136,0.15486290701145433,-0.0035954815238401494,-0.00010492915521583684,-0.00721427330083213,-0.05020667316797284,0.031358228226655904,0.025686423028737804,-0.041717360729757506,0.029399755603437272,0.06481993546916165,-0.017903530588015845,0.03924521873368364,-0.040227624743347346,0.028950247060475998,-0.006460118259164094,-0.022520079795194946,0.006217041161919956,0.0029964527660405055,0.011788503404812273,0.11487745006928352,-0.003689291341936185,0.0350485875920421,0.08932121179739094,-0.0037649998558207387,-0.012411617071773073,-0.009706945021012547,-0.00012761277167400165,0.009149682624151917,-0.013218583822114827,-0.0233377019643613,0.008951220082084772,-0.003316400786033541,-0.0011476275565764915,0.048465757351406485,-0.0201438802396946,-0.05812157560934689,-0.039164040827189356,0.0040521441263285515,0.02844208535442383,True,-0.09531917239728371,0.15824360875227517,-0.02711857785962557,0.01461768164094798,0.012584581502173564,0.08438787950802662,-0.012018576488811467,-0.069131152217835,0.0945574133913688,0.07244072804858792,0.005056072319759963,-0.044029512476980115,0.026178859572236715,-0.05570857169038909,0.03486946926999926,0.07980431338558913,-0.03245966280164375,0.033415179578772825,-0.03423511128503669,-0.03485202752652196,0.07795487355340025,-0.10369259428914068,0.009076230159357317,-0.0059491988802265385,-0.03192934815598164,-0.06024737128582652,0.025613998275076294,0.012837045670440084,-0.023534132057167756,-0.1123510132252199,0.07245750503698292,-0.10851708954670336,-0.01309952000385893,0.07550554870984849,0.09033116544909392,0.061121657094375115,0.004162775088104101,-0.010971172387871708,-0.03133143824246637,0.00921282990168415,0.039063629935156045,0.02114082071670964,0.09676029784391188,0.021903806369045487,-0.04331353769320323,0.1083146047859434,0.03693155220804697,0.04598399078002369,0.015983279772749933,-0.047395634990090536,-0.05430387223206694
13,KNeighbors_r6_BAG_L1,True,0.013826965793240498,0.07393392353709327,0.009368000048128197,-0.0026845823285055193,0.007625890107353622,0.005182971592377128,-0.0028451225770182997,0.07445370420190962,-0.007800512567714912,-0.057980543906629184,0.08252579806811644,0.03485636955369642,0.13438936894647402,0.026570858733143354,0.03181177777602951,0.009030688278348992,-0.01459832805362632,0.10173829096813161,-0.012926155780264376,0.09195985404494181,0.04221449492740206,0.09960838609646311,0.010774298982678593,0.026995269677988015,-0.09484556463101523,0.07854805650880306,0.0011411723501507098,0.09502027107483316,0.046341575233353555,0.02111136737592284,-0.00014733637432505498,0.15141255807075768,0.015592673616194402,-0.007261597964466737,0.15549062978284206,0.0277608265788567,-0.0009422237874647243,-0.03350133517725537,-0.0373694827486189,-0.03785455934633024,0.006912484503262484,-0.05424536201638952,-0.03332526348843701,0.01957416623093569,-0.020486933088200765,0.043179770760653796,-0.10606300993967993,-0.08987720596333272,0.032849010075445786,0.0910841941066925,0.036614822543233755,True,-0.0854570041076837,0.1911266092892388,-0.027518603629975394,0.034362480787953925,0.022857407745422484,-0.010258422109231627,-0.0007658172386157402,-0.06558888453243401,0.15979539646003563,0.026118675443733308,0.027566394934449595,-0.046444694788499455,0.03521632000929241,-0.05666488628121272,0.03248495929041985,0.08519061179659597,-0.038838558018971736,0.062025189394663824,-0.043629686507882876,-0.03874064693549012,0.07827791264467723,-0.1026136208459998,0.005671279718091948,0.014192263960420531,-0.04574013930689616,-0.05867140887755139,0.0325849327247736,0.01906364084972932,-0.03222956373535976,-0.10605237430255315,0.05398507767928394,-0.12989299674693794,0.007653272791263432,0.062446247663402,0.11931643568561236,0.05986942630915375,0.023180748212918795,0.032208766217902286,-0.015815186748171117,-0.008544392717515892,0.03836257488471202,0.023536587269176373,0.09121953267160882,0.011529602324653138,-0.04262290374174982,0.10056893625755864,0.03590857468831549,0.013679479382940118,-0.011432644912943844,-0.05273311479814541,-0.06524948597902495
14,LinearModel_r98_BAG_L1,True,0.03541822052549211,0.06392675561214978,0.011269052926021761,0.007048016674647606,0.028673384174159877,0.006484509776577885,0.012467181107148395,0.035345515463714394,0.004827766495702379,-0.01815683049417527,0.07564758786838688,0.03135115746098127,0.09695495362463924,0.03092850746565931,0.028837109453235185,-0.007220538202193871,0.015521355222109012,0.049505461871392514,-0.05096173024736361,0.061798118680917696,0.04073302414726404,0.06454540573812428,0.025770411162627016,0.021462108757061504,-0.05814865564593652,0.0659928393872472,0.01752404108065242,0.09208366810123432,0.038397965836489356,0.024789154638428873,-0.004901316584426552,0.034440800257436566,0.02427314589166557,0.008270674621105756,0.06829492312517349,0.05212661015718928,0.021844155744041804,-0.010298147638497346,-0.023760514935164956,-0.020847857823954097,0.013223845070135631,-0.016453050463648422,-0.013328578046869877,0.02084852407076644,-0.0020366454594128447,0.03761240677228889,-0.06754239229523423,-0.051617031025285365,0.05182747860990111,0.07834730204320074,0.022274193470838068,True,-0.12148085939580389,0.17764862378067403,-0.03481461600265079,0.03652287766375506,0.030473136412468182,0.015899219135305565,-0.00446457504738168,-0.05304717170472539,0.1917851484943089,0.017895004542954784,0.033946134617239776,-0.046220310266571696,0.022491131630101552,-0.08027367056756957,0.024173993515387633,0.09328887350971926,-0.003251840385300575,0.1084166289251241,-0.037759040857784865,-0.03805100818992985,0.06602759605342928,-0.09688008659928649,0.010096254218963652,0.019335769920686974,-0.060246390219336754,-0.04442803407570939,0.02774285263951317,0.04060835043701039,-0.03827956782278252,-0.16424883838248266,0.038030096830584725,-0.11195601100589692,0.005797294684926346,0.04477662202443766,0.1159704441722532,0.06360079308753133,0.022900067969499782,0.03816125261209366,-0.03328221441052015,-0.0473585279588184,-0.003566732422575214,0.041451601532184745,0.09231591802703341,0.008964189015584656,-0.012141432396901464,0.05679081240770531,0.04464435250084842,0.031707653051052165,0.013750448696463512,-0.051841323695226815,-0.03472497401444031
15,ExtraTrees_r65_BAG_L1,True,0.034952585861274546,0.038079645337037726,0.015613470139210717,-0.011232208375213687,0.02117573063253478,0.015147946401796841,0.012766995524497282,0.02709727486613478,-0.002607180559812905,-0.03360804556466254,0.07913424772108052,0.03931250636415562,0.08913722204455937,0.04275205953685833,0.032091205559052594,-0.013833104072772773,0.0050601183833884344,0.022088696212327737,-0.0112454993869881,0.07616594647628666,0.04345081820730298,0.06276385753352176,0.0010759849974955743,0.027721464603201518,-0.04826970506458489,0.07832265817537684,0.01696578287538461,0.08731886534331096,0.036085358109924304,0.007447453361963882,0.007783327864145401,0.022995809415569946,0.02759109763224582,0.02411578271681014,0.05210159473072104,0.06393210968439508,0.014584604425131653,0.003067101709573805,-0.016565873086750393,-0.029540323481012376,0.004699133479897283,-0.01897947775917097,-0.005873085989124449,0.02099583454871895,-0.0015369647666431119,0.03529734256737384,-0.06676320799537022,-0.0728433244584111,0.0519230053403552,0.09503115819907655,0.03530405439873833,True,-0.1255327501725946,0.1797325030436943,-0.03313972184198348,0.030669942766655477,0.03763776775614838,0.014513427033749188,-0.00966117135481213,-0.05623048223107103,0.18961624604348132,0.008508954639381085,0.03044374114137261,-0.04952428451572182,0.02597833144764082,-0.0760375825679011,0.027658999157122693,0.08752706770369886,-0.0037322587334699246,0.11275566500356371,-0.03697834095166545,-0.0387727970146611,0.06085218505084199,-0.099853701755572,0.01146522817490606,0.019213235986035592,-0.05631062245171205,-0.044476792777707594,0.025510378276762474,0.03693111547824933,-0.04312303647268162,-0.16381059333737913,0.040163753269774276,-0.11519764557130495,0.006132269305342438,0.043986564617269554,0.12007794930192904,0.06116150112753026,0.027994202140756055,0.031146306837714778,-0.03261336638341028,-0.0424319270201924,-0.00258479498360928,0.041241217177164766,0.09325513800292132,0.009293641773372082,-0.014470454294844275,0.054150242319881525,0.041519953484731455,0.03184370112095511,0.01950654326746901,-0.05645077960568273,-0.026454351046021517
16,LinearModel_r7_BAG_L1,True,0.07066820362404014,0.02261874652795859,0.009055015792846621,-0.05503308451760791,0.07361343437196899,0.00407496738910762,-0.01732593065240806,0.02695466981093997,0.005220122560595897,-0.10596137955315132,0.13045333001260184,0.029059916898242832,0.29421304021104877,0.06738195197565533,0.061236986677180416,-0.12193888311031564,0.05180762349253598,-0.012094617465082225,0.07675010188111475,0.03849298786299871,0.04458219549031117,0.09500395476906665,-0.019416970700492975,0.014663967448694137,0.02943531984500236,0.14790176511519393,-0.007273868128582883,0.170848972917654,0.04864727977970551,0.005908112090008633,-0.0007657836914608529,0.09980357936521767,0.019545523532565667,-0.007124501862097787,0.060612458613050535,0.09961565542701045,-0.009050812449024725,0.009222084525024155,-0.05336463010169901,-0.07722550319117438,-0.00917298396151156,-0.02799288938944322,-0.008928416208907386,0.027224810997386495,-0.058219625027040145,-0.001957746339976252,-0.21015490063570486,-0.1714727320089242,0.09849278050830809,0.13087807145183344,0.019992166187493332,True,-0.12313782702817244,0.10572235929797047,-0.003263016385362638,0.05471467163685251,0.0895522586281694,0.03527907872278946,0.042102197501416194,-0.011225737999470242,0.19805226926204622,0.047851201987711534,0.033538104808717994,-0.055999912107142835,0.01724560010584128,-0.04028949525287118,0.05825066686536917,0.09208612080105039,-0.14771240406878727,0.20198403767294892,-0.04995701460279134,-0.027338202486921537,0.11187513918730435,-0.10432879422305552,-0.07296732498751687,-0.042030663895106096,-0.027002670303164,-0.080435568833502,0.10673159769962437,-0.01679694527153508,-0.01254579045273052,-0.1580776435954323,0.04801727367495594,-0.15591179003499167,0.0734326494926581,0.06762255150522034,0.09617603939212932,0.0021208560826423313,0.05496093204614796,-0.04364950361701492,-0.04004700621902246,-0.17540527375762927,-0.021349171293802205,0.11934437198244408,0.05427229717293858,0.02023437265392214,0.010476431351912896,0.11441586091463671,0.07017314950046288,-0.041998277229484016,0.03997339590409498,-0.05372874219631343,0.0319718023945811
17,XGBoost_r174_BAG_L1,True,0.06993846462123275,0.01743032069525656,0.007830220144796715,-0.056044781831009374,0.07283537072508266,0.03763503026998649,-0.02097958902954508,0.024530080498008727,0.01652519015977122,-0.10478630747790536,0.13089130962975662,0.02173520423208125,0.2913497701260062,0.0644486636995665,0.062384781379766725,-0.12426745067620759,0.04726730660431966,-0.007263628132391769,0.07574569560509885,0.04249369761630252,0.041567069869508755,0.09259184711421892,-0.01452403212696668,0.0156366198910505,0.02948417218243113,0.1484839090827875,-0.008982753691785667,0.17432508973445912,0.04888436090626608,0.006819125014833366,-0.004165323624515899,0.09264817610217382,0.018418955827593952,-0.013069854684384541,0.06447320919489828,0.0993297176135775,-0.010175623810424833,0.008802992910597288,-0.05374914088246899,-0.07953597133674717,-0.010223423781989129,-0.0317284492827937,-0.01061962188994146,0.02659965506519469,-0.05907039274096751,-0.008934826115964994,-0.2155866746120241,-0.17080206670883488,0.0993630271220191,0.12937345731298158,0.02216853693683859,True,-0.1342816069276892,0.11819803672714174,-0.010795054852260505,0.04113582482923225,0.07511434885606195,0.04279369595634559,0.0024707019654386358,-0.03739907472857905,0.19433840068412386,0.06489498276185415,0.024777955509143693,-0.05342669149200911,0.010417179989690377,-0.048411052364177865,0.06629846739384751,0.07454986752702299,-0.047722811221787086,0.10163112026011863,-0.05853332907682322,-0.06415940021526066,0.09310127483022836,-0.0961872589186636,-0.008404793661153584,0.005527305536622418,-0.04254512452163699,-0.044093659321456896,0.06349925334057897,0.00036558191898354575,-0.03860262008414216,-0.10039417673704816,0.029240773667385173,-0.11810995012470998,0.04270689029141454,0.052393944397998174,0.10802679310405569,0.03632813158357902,0.05924567297196117,-0.015939073357519408,-0.033025124362843744,-0.05125479722218831,-0.009741891573668768,0.07301450999971942,0.04578960109749385,0.01227216188300163,0.006413834080160915,0.050537692816765144,0.03358996210548971,-0.019748271332043238,0.024268140679513665,-0.06436246140076791,0.04227640880314704
18,XGBoost_r27_BAG_L1,True,0.06879009239941235,0.020246880988648186,0.007235768437459128,-0.05676371804856528,0.07464201765804074,0.030930237907725033,-0.022807917603238803,0.02424800317626241,0.02919784827042371,-0.10535304962316713,0.12962343638925533,0.01719018853877008,0.2965572341444656,0.0623851009931463,0.06228920518858956,-0.12514670366337138,0.04788142662270062,-0.012330107767614173,0.07485199044865479,0.052777639611862534,0.04079627927988125,0.0886256105046308,-0.015240191179896764,0.018076000132141584,0.02838038655657099,0.14695707444449974,-0.010076674760280374,0.17236883537859893,0.049477444783963015,0.004805796869674306,-0.005010170208543222,0.09051968958445306,0.018213513995599978,-0.0145303793207463,0.06488355646441338,0.09575016061288533,-0.011557012776613085,0.007970067889176341,-0.04853416189872245,-0.0800095895027163,-0.01050656004798392,-0.03696323506313498,-0.01193084721347104,0.02495423437920566,-0.05666215142359565,-0.008652344244089172,-0.21352852001461958,-0.17086031091027942,0.09984112502262395,0.13015671744691057,0.023685926219930466,True,-0.14792322796672774,-0.0268447928230795,0.014704865213031916,0.08621423308506795,0.08731896331810846,0.0029039081788953536,0.05553774919938899,-0.01282242693757913,0.18923728221714664,0.09739736146355266,0.05701398834580546,-0.046190050078669484,-0.033322495496017054,-0.01834326178545757,0.05634757188763774,0.07004835283237384,-0.11330451359435698,0.24295708218391587,-0.030994529732674803,-0.09857668152646701,0.15978217750484985,-0.12535641553163943,0.003041481533561217,0.026023644737107464,-0.016221952325458797,-0.06733566819810828,0.10546436957204805,-0.005861572043971988,-0.005023809594349966,-0.14647717242821273,0.06337515826720196,-0.21689066576345206,0.11064851839268086,0.12225508606755559,0.04795711658401139,0.06017634754701843,0.09678557669030166,-0.06394356571888404,-0.09923929594492764,-0.14308641548194068,0.05525062200446352,0.13213602104460653,0.10330310994731201,0.036365857232751986,0.028113039945677328,0.027364983491854816,0.08066026962264883,-0.10576387620581515,0.03820389046399029,-0.18269718177955335,-0.018067570331480716
19,CatBoost_r67_BAG_L1,True,0.05886852601208921,0.011359960957452508,0.007751807660390075,-0.07643760286829965,0.08007713753280538,0.01377564233896833,-0.034596777859462025,0.020073400331539037,0.030402632637051674,-0.11348385987660026,0.1428851872511412,-0.011684208519736505,0.29003011271880097,0.055221971571680184,0.06502171261289252,-0.14008048339874168,0.03629713990601624,0.013825094458984749,0.06742219126769328,0.050266032751971126,0.05836490657661231,0.07204026937351637,-0.02222413802052553,0.0359611297668645,0.027604997002802056,0.15243198544145375,-0.0073795731067504144,0.17475982872734425,0.038885369033494155,0.006194280218005693,-0.01011714744959287,0.09122752409135815,0.01729977296162344,-0.012127797002534857,0.06556700484413769,0.11866158782239378,0.009720182710720282,0.01044208143487324,-0.034581824095370695,-0.11083045892671378,-0.009839638836881964,0.0019698154429752535,-0.019238256774268825,0.030651162638526824,-0.05751003405853894,0.0077429947535166965,-0.22046874434760377,-0.17033430878219175,0.0906367589175566,0.09555364017991648,0.05503997608614416,True,-0.14730511501769974,-0.040606137157684824,0.010844170358428433,0.10209884845292827,0.07018631540793673,-0.001542862814326501,0.05719902543609069,-0.018501148282553115,0.16011833937514675,0.0857433861450026,0.07281952740714455,-0.052234294320654316,0.02996815284114039,0.017184559249535783,0.09738831635318435,0.061116445301863276,-0.10226759079485581,0.2562478303164657,-0.09980617817479545,-0.12510970411406006,0.14212548419711013,-0.13767846620967558,0.0068530972772866405,0.03749645315738215,-0.0705945741096573,-0.04578579133465322,0.1226440106821813,0.028040864415465855,-0.02150745865119241,-0.16157657809929044,0.04452163134896234,-0.20568570194723299,0.12072283948401112,0.13886756540923448,0.01098564760634732,0.02960285329954858,0.1240700937123689,-0.06549853653660581,-0.12347253490896098,-0.13059826463116694,0.04978538444814712,0.13645875364787013,0.10676320600371683,0.0464193547647307,0.03746319446993528,0.058530860691041846,0.090675117483144,-0.10027300852002348,0.052077715232647495,-0.15692179205132883,-0.03899973545676166
20,KNeighbors_r169_BAG_L1,True,0.05790553284814377,0.009046026670902041,0.007115550024032413,-0.07922230200462455,0.07835218196600868,0.01042943511526273,-0.035306692623676694,0.01996713754427837,0.03351314662593552,-0.1129331231177132,0.14128323915286467,-0.013925592289857347,0.2903861724857506,0.05343545368445268,0.06497265520998606,-0.14039498314407783,0.03669155553742298,0.022695766465872902,0.06695036167942581,0.04417422609299644,0.05858701155835222,0.07288938842978565,-0.016954276158866743,0.03701965637868976,0.027656862119936565,0.15047041999496302,-0.0071688795959999885,0.17042694314695406,0.03726368505132782,0.002208006917215677,-0.010525108214538073,0.0874994825225417,0.016399632441220113,-0.009281779102678467,0.06592265504550565,0.11903393927368211,0.008670800337603257,0.013628427791150477,-0.03290300943971103,-0.11260285472965093,-0.008644188860542745,0.0023025064120014704,-0.020815390264502465,0.02934147834966666,-0.05895922582181001,0.005201659734812875,-0.22138881689361556,-0.17156524904002646,0.08771793997629042,0.10991579084241856,0.05423522546185991,True,-0.17589955191611872,-0.1406985031718358,0.022744916338166467,0.14832201129074266,0.1119991315936543,-0.04910141544818181,0.0652784836478273,-0.028624939830518087,0.11021251861314973,0.1477226860581269,-0.04695267847107207,-0.048038497269150625,0.05474295582899985,-0.011810824582843167,0.11963453012364243,0.10630290753404631,-0.054502976561313005,0.33319296635868517,-0.12025920011556397,-0.1320248569276663,0.09483539449871235,-0.1611624795331703,-0.003721538551227338,0.006443955158149148,-0.08372203867766716,-0.048280286809890174,0.10092667525569615,-0.06058761241831628,-0.008561475959358737,-0.16465138828741452,0.05933695328006849,-0.2230734475492321,0.09788042011548637,0.14850408810080984,0.09931127280950697,0.0315642054220744,0.1218064015551616,-0.0168977267354683,-0.0625990542084539,-0.0926251946258353,-0.007835508681964774,0.12424378085899968,0.13821080178858056,0.07226108770538936,0.04964795849623014,0.06410913634102848,0.10321804829381268,-0.10305647958296929,0.008595635290724575,-0.10432310232339796,-0.0734537836621717
21,CatBoost_r63_BAG_L1,True,0.06077400396718814,0.0074752398747597315,0.01378531252281534,-0.056089643799671296,0.06376377849662096,-0.004246371658036097,-0.0014728839521163106,0.01771274550172186,-0.026060672874030466,-0.08264278936496416,0.1408353888184053,0.008138593975132613,0.2303632140384566,0.06441860989456705,0.058003015355884306,-0.08044564914309893,0.015209163881638066,0.020590529033859606,0.06450891352455213,0.018777538968697827,0.06569357872537052,0.08070320848674095,-0.02075485602686733,0.02114798357481118,0.020705018915123663,0.15162196297404362,0.014817472677252752,0.15964194184824482,0.044819281165959124,0.007197736127277254,0.00586729954444834,0.06508289897497854,0.030220583814918545,0.03353448237804768,0.06028647643610263,0.11842122039432146,0.013089004080030442,0.009089372439513133,-0.051096030273502846,-0.07772131395931214,-0.004232641800575199,-0.05624066979125697,-0.035864130052905396,0.03753364527444758,-0.058130375694773306,0.010125991938276124,-0.18099933288788206,-0.13982413569845908,0.07639325998385209,0.12409277431453186,0.043991780078256736,True,-0.17624682132599295,-0.14189845819629057,0.023276286608141728,0.14639573337965,0.11145544002034723,-0.04977898589007163,0.06556340039101079,-0.028873040462067158,0.10957621649882703,0.14902457588591553,-0.04652713661465156,-0.048636231161375575,0.05462495397944253,-0.010948128423598864,0.11888433044385253,0.10589740113898809,-0.05514023354614207,0.3338718528556933,-0.1218503633176469,-0.132767185973653,0.09516210522448214,-0.16165066341429377,-0.00320440805803713,0.006603940390256552,-0.08436784761424256,-0.049145526057863646,0.10246192239064901,-0.058161578017761346,-0.008937801212124787,-0.16487529791377456,0.06008179984764423,-0.2231505023624446,0.09799747311595189,0.14522123777579932,0.09980644840732283,0.034539439825046245,0.12158453841625286,-0.017487034566457837,-0.059444466178366316,-0.09319632765071657,-0.007649271626928555,0.12238304834469647,0.13829867584199335,0.07181772672470026,0.04907742132036258,0.0641330467171328,0.10306480989220283,-0.10285290673377216,0.009621602832002724,-0.10363105263234265,-0.0730073543683358
22,XGBoost_r120_BAG_L1,True,0.06199216085902286,0.0042148173386906684,0.012936289861382955,-0.060069564484691584,0.07048847409806114,-0.006296817805234056,-0.002629589924669329,0.0158328471552851,-0.019462071875821607,-0.08460981839592185,0.14893135722416484,-0.005484591291722296,0.23731712343662936,0.06353134768536084,0.060069148959559976,-0.08706918395855823,0.018404190941375465,0.024947678334580448,0.06988658434895167,0.011891839076750482,0.07124716709301193,0.07736620600796318,-0.02239291614747496,0.02372114722408769,0.026976315948452623,0.15914910373727897,0.01682294715718169,0.16611654997336597,0.04571063269220477,0.010428786704221094,0.005009504176911511,0.0675792475384911,0.031117833451487664,0.03643275193258688,0.059828857178505945,0.12423129533040278,0.0149794631934137,0.009459207124273838,-0.0519228085785719,-0.08219716739353533,-0.0038220933539784285,-0.06955477835929713,-0.037785031993706586,0.040230398514204735,-0.06463707299066801,0.010447248080191762,-0.18846296679032237,-0.14212522373410819,0.07472706761852303,0.11889516878036413,0.04550803173856868,True,-0.1755867192753925,-0.1471485866362451,0.023487080772344886,0.1470219236575608,0.11160551570207988,-0.048294728902034935,0.06625475894548347,-0.029654303585196492,0.11349107861404487,0.1486511143645806,-0.04497869144220083,-0.04902955944510638,0.05752918990423379,-0.010502357663024826,0.12100894397975083,0.10316459371554264,-0.0556268147830896,0.33231327110914183,-0.11810414071646944,-0.1284326456051985,0.09522570942693737,-0.16257953153479962,-0.004012299613186665,0.007340930705351603,-0.08656874773890685,-0.04941417193914855,0.10329396055780043,-0.0572657784480921,-0.008834280109855376,-0.1656360875119101,0.05826757575517194,-0.2238415308469835,0.09547393394882746,0.14633571325544795,0.10317195455764731,0.034904270251345515,0.1226696400605398,-0.018555885394291843,-0.06013710569838637,-0.09324785696458808,-0.00762999870656892,0.1182927092353582,0.13642577459757138,0.07163833370777008,0.04847095290342288,0.06493604522869922,0.10317913643957972,-0.10091521508880116,0.009062690541898486,-0.10451506394940212,-0.0739151177958616
23,XGBoost_r76_BAG_L1,True,0.07102380050900484,-0.005395497014530348,0.01872298520344229,-0.06534163283382122,0.07196609580190294,-0.01401490709481834,0.006532310326581969,-0.00048774750986779747,0.00023824999949306758,-0.08347578301663483,0.1659562284596633,-0.02416444017008934,0.2258360595473501,0.07891821847387415,0.06573581942944252,-0.0894619274011983,0.012705702149689913,0.03950438749634341,0.08416606775484142,-0.026317187490255745,0.0884893781890359,0.07123196957857791,-0.00952563275839391,0.02515821716871991,0.04012214062690389,0.17340661396634172,0.028999380398418984,0.1865693223776115,0.04560849754980156,0.015720516715624466,0.020445196288024506,0.07174315244069196,0.04751932391562874,0.05254231001141285,0.06904539788158004,0.12205945288337716,0.01619321420446118,0.009081643585870158,-0.08667360058374918,-0.047419569067875256,-0.0017471935717225384,-0.12800078211855315,-0.03367414979817915,0.04680438799348963,-0.06282784986514178,0.0017197083729639795,-0.19252048660103505,-0.15202566970092068,0.08760118909317707,0.10024393898622318,0.041200142343153466,True,-0.15329409524590357,-0.11869632422954546,-0.002204419469414007,0.15124756704003173,0.09840142285749284,-0.07061715652138736,0.06791773171871318,-0.013525856690664632,0.06445931209662117,0.1635552236548062,-0.055903816934907286,-0.036026653434791715,0.09883595979591081,-0.03205306455004938,0.16169684862714417,0.08534227005303763,-0.05564256685388993,0.3343288672628666,-0.10860176542190758,-0.14334075422767506,0.13486105369465642,-0.1406409119792602,-0.023042202859086654,0.005625730598347593,-0.09284457617736874,-0.04311942466556573,0.07626703103848825,-0.04324300357199473,-0.0033711162025965025,-0.14853363896069546,0.03189314282964158,-0.2633462009584387,0.08755313681623773,0.133535684949601,0.13410677723634412,0.06434434681427273,0.10764156297166583,-0.04063743425704656,-0.08746324071220218,-0.126243999370614,-0.006877726530082666,0.1074930403115987,0.15290687805710973,0.08287518895247338,0.08051155425533427,0.03962196666660289,0.10580720730524257,-0.08526016577747414,0.0029842269196484203,-0.10859714644513874,-0.04414497498434292
24,LightGBM_r120_BAG_L1,True,0.06943605947443701,-0.006126969980998376,0.017318642177083454,-0.06461131815022503,0.0845665810176548,-0.022169410867814765,0.009236532350975768,-0.0080401143069333,0.007635081226991858,-0.0773372044715972,0.1716294327432848,-0.06148954225483649,0.22309357906506877,0.08754445323106441,0.06712103390901764,-0.08796852779335307,0.02293092687520737,0.03582546997943592,0.09196594824996862,-0.036417764098006795,0.09975622419297503,0.07103588906738567,0.006474052288861554,0.0415658878639662,0.04789634644641616,0.1853633160210093,0.03977619823298939,0.1856636147626103,0.048860115079867095,0.029748449666487486,0.0293388433100073,0.07555639737790121,0.04989708472443133,0.06693579841240638,0.0688371645944783,0.12476667683114351,0.01623624251030087,0.005265502631891739,-0.08914163764709038,-0.054495136254266274,-0.00356801970813847,-0.17939144373508098,-0.02551593094422161,0.0576450825952739,-0.07294579639996712,0.00034129077555733467,-0.19386763402516527,-0.16462480069379115,0.08077005614918507,0.08947748819666244,0.044506372498502415,True,-0.19068498751348084,-0.12735355255470823,0.022167069259639405,0.10939573495319369,0.03839653964660783,-0.043049204318743796,-0.0019195434522717436,-0.0413528797991135,0.0850343374138258,0.08846911424323656,-0.033014241480398915,-0.046740209246593445,0.14913346136829342,0.02159500581033695,0.1597338268305138,0.11268181005615732,0.0053370732177094315,0.18035724661941982,-0.12548914831527766,-0.1573772031330012,0.01077366863557172,-0.14972351235692774,0.03139354970061256,0.056576019522968646,-0.10940845543569155,-0.012069309334042225,0.037673151452504605,0.01574229401742827,-0.011437948966832173,-0.11043896651788605,0.04156930495409214,-0.1895033291730342,0.028393489257095644,0.1583659114211619,0.03391843658461141,0.034170304415104547,0.0710995210839169,0.07508351638551139,-0.08955820021735725,0.07004708916772817,-0.049647339084920916,0.07813587706198277,0.124391258776479,0.08612183792426704,0.07559897388067408,0.05631630168886759,0.04316122565928812,-0.0391215084975981,0.045238754805846854,-0.12034780341033494,-0.043265482249136296
25,LightGBM_r152_BAG_L1,True,0.0683682996679422,0.001378239007111537,0.01811484019428733,-0.08261854610709507,0.058767701172773634,-0.016330451478145047,-0.0012850872963683369,-8.980855028006829e-05,0.019481712795404338,-0.07864462208676826,0.15193923674424326,-0.05470750841885885,0.22662760983830132,0.10400009167285196,0.06630078112699954,-0.043549807045101474,-0.018722869658561292,0.037764554399786016,0.07789702744736782,-0.025615410068352107,0.07286540910186123,0.07664111493720904,-0.014417220035841505,0.04961392335792003,0.036452466035698294,0.18206058677675208,0.018291636011696033,0.19763312399521735,0.05473490004123516,0.018885114059036756,0.05169713362295596,0.08680909802500392,0.04803034555631802,0.05592029104066176,0.053358059667010904,0.1521706551027393,0.0002042899370131579,0.0003167959904358808,-0.11786476303692917,-0.04863134907912281,-0.003064013217727757,-0.10885310873059506,-0.037935749262963475,0.043907275451410266,-0.06547661230825619,-0.009934289321602341,-0.17027970455349384,-0.13111582262784793,0.0977240793813567,0.10488794874627987,0.016292180128992938,True,-0.20679281628411872,-0.1224973663514849,0.009321651590333019,0.13454297483301259,0.0746158113159705,-0.048999861983443915,0.019257574656891763,-0.039140191485856596,0.07590096332071133,0.1210475239302834,0.024307272437348093,-0.03799889173774609,0.15229680450409336,-0.011506572803105686,0.17138311192389574,0.18506054013420337,-0.011621299905002797,0.27745237424228997,-0.09906044974434552,-0.1551115741893424,0.04921822714498414,-0.11743250900903635,0.02061795934121402,0.08372668197711491,-0.10473336672770373,-0.00929818994254511,0.060912137383202,-0.042927084133159044,0.005887437674105461,-0.15046871520963423,-0.03484173144666991,-0.24538919657348857,0.06570602230122186,0.11990742789507028,-0.015317084523888358,-0.006444809343919555,0.018355311747322578,0.04021376415842248,-0.08231703662469109,0.1236119130847898,-0.100288408190225,0.000981706991448117,0.14438800431008564,0.07057721586193025,0.09273434079631718,0.06667438592987285,0.04373157287721602,-0.03706260611864609,0.06594232100068646,-0.11495307767467136,-0.014758339767133323
26,KNeighbors_r122_BAG_L1,True,0.07686352763471337,0.00834277707959441,-0.03840089910219047,-0.07866218617334375,0.024753626220128888,-0.024261717850107,-0.000546222004648822,0.01546595392863126,0.02745172700085452,-0.08833403299725706,0.16846061863939354,-0.030176573475035884,0.2098229982294817,0.10622025944209929,0.07095832336468348,-0.056239393720727726,-0.034695011074202586,0.004745430037397108,0.08211387416420102,-0.06612588074652717,0.0847828850259773,0.06984203040014836,0.01572536336846242,0.07074429923325232,0.034478484387448605,0.19172711336795267,0.010583104024169065,0.21915400940316535,0.04724811254853334,0.0014644745435679618,0.04330628241782462,0.08434086686586462,0.06076037269959056,0.04197944890894467,0.07084841241812145,0.1593435404202127,-0.0031474308330696754,-0.014691871969585324,-0.10071988908944718,-0.05769164003535032,0.015030093199098926,-0.11001397280665448,-0.02771676707024648,0.03438471682868627,-0.04164479229222828,-0.03459034528041685,-0.15318261566261682,-0.1310012081315206,0.12033712894159075,0.10543577622827502,0.019602991974403756,True,-0.24642939966130975,-0.13714257656543039,0.039349426024537504,0.1480031450009538,0.08225899497694639,-0.10002749183055704,-0.033122926222320936,-0.06706732744511601,0.04830403642062553,0.03529427219842718,0.0464832497706907,-0.10266210296491496,0.10656017000489826,-0.0668244514327665,0.2917559427996207,0.13357258362199415,0.03620459228294526,0.33595010067083375,-0.13128616409908167,-0.1361484225156402,0.18812238229886558,-0.15203536371998172,-0.1723327833001318,0.0912744364309272,-0.0239907917014216,-0.028361843141054943,0.17980474990752587,-0.007873485963674487,0.05443541398853813,-0.16141337469802292,0.003831152173649488,-0.24020698881849134,0.05995320898854539,0.1891649688091721,-0.12008538582903994,0.024854228010733226,0.04036911937320842,0.09352097304136953,-0.017522137254074144,0.14463882821999174,-0.0335271877681067,-0.033248142719207896,0.03824667992638964,0.1377256560187331,0.05799492010599505,-0.021727974472959932,-0.12530654090134008,0.048885527130041795,0.12589803053222967,-0.05578570234503636,-0.030963504050914935
27,LightGBM_r4_BAG_L1,True,0.07532728581184696,-0.004955667035618561,-0.04313467284909045,-0.06072276090925366,0.025700301962268468,-0.006124360499142334,0.016872196404490003,0.0018553610840085222,0.03334205369331045,-0.09167272433999973,0.17496357498236126,0.031300982361184504,0.19872203898796825,0.07983436131473182,0.06616740107750188,-0.07425017318163851,-0.019137254613449173,0.01790726329288883,0.08061842137893577,-0.05444502493388759,0.08913335007898504,0.060681473760749616,0.016071428684771683,0.034566098888744734,0.027704213589770155,0.1742166569309107,0.012618871321480207,0.20962767536111526,0.03094000678399733,-0.0006409140376583689,0.030326120405648915,0.06425380158196514,0.057737661562016096,0.040143495201568236,0.08678116056135632,0.1400321078258142,0.017833140660768132,0.0010222036176297244,-0.07277480177072304,-0.051566573421116035,0.011066086889656546,-0.11267301335187874,-0.018023224450065878,0.03044307917766359,-0.046288869061423044,-0.029035416413229487,-0.17709700905389436,-0.15741809977760057,0.11085287595131688,0.09157232095052407,0.022158600992011057,True,-0.25183255101715213,-0.17140210507347417,0.030292807677550757,0.146304323252896,0.06700492300730412,-0.07748091204269933,-0.02047028558591074,-0.08439274090260826,0.05706011294203173,0.016644908053820795,0.04952381041410378,-0.09885543554815256,0.10556117124855383,-0.05285965726872431,0.24550405464836159,0.12079262641318654,0.026930854024622267,0.3132780851470065,-0.1643656648022228,-0.15551662187663506,0.17113486764325173,-0.1418302225547697,-0.1622634280719451,0.07506788317461383,0.016158244994606552,-0.01933572959338406,0.18464506181298718,0.03638123164647772,0.0414507806674899,-0.15735392980135943,-0.0005469088889037271,-0.23930059645616908,0.07576287763425836,0.1920915643372714,-0.09417514635427027,-0.006773945453268593,0.04439399773947998,0.09995120129275631,-0.027486790976438163,0.15818552655964518,-0.021316397877146773,-0.04310957945136354,0.01869346109471296,0.1372612132239205,0.03391167199516325,-0.007049990106351947,-0.1163359190090053,0.05649137162627521,0.14468546794166412,-0.01990910696727662,-0.0011335808086570492
28,XGBoost_r22_BAG_L1,True,0.07537851482903846,-0.007159969354471052,-0.04504316510390538,-0.06451099395762117,0.027106774897555086,-0.009725681392074303,0.017219418118776808,-0.0010153323099471034,0.04343935959460321,-0.09416826156436331,0.17949108093744992,0.02657798416220336,0.2016782323974402,0.0794702649386414,0.06705918130864011,-0.07388243012098483,-0.021713614306292595,0.022391905594785932,0.08167047039423037,-0.05685012369036925,0.09155743411489392,0.05667320552838495,0.013444877716292436,0.034863756441045446,0.030409231370963297,0.17805094698024715,0.012101773034293162,0.21452411721288006,0.03030518683367034,0.0001252460488097018,0.033079875717355794,0.06647772931957507,0.05876577095595392,0.0423455432185591,0.08710791325819955,0.14555869291981205,0.019659185616753838,0.0016028911879959473,-0.07275474470485999,-0.05289949332772825,0.011138696304904494,-0.11754621117040376,-0.01874369089555633,0.030703698247365407,-0.050169004834317965,-0.029891638284783917,-0.18024328569912518,-0.15908024656721964,0.11058444061004008,0.08661333567796797,0.020573934486984767,True,-0.25413241131065395,-0.18122778060275446,0.01300150979104231,0.14102390592241998,0.07734076920226188,-0.07727358861265698,-0.049394108081019183,-0.07562408737183546,0.0698397449776258,0.018128328357527757,0.054704527970791006,-0.10608351333994004,0.13560168423917962,-0.05699022905073736,0.24068840912220213,0.1283788671053112,0.017198118150015373,0.32192831088824914,-0.1739346550305454,-0.15270441425313552,0.17764607441753177,-0.1267610270075572,-0.15434579884533184,0.06645643094329345,0.025725534996748012,-0.01964729596513881,0.18152502591704056,0.0242021897020418,0.04339642774976227,-0.1644381550664783,0.0015557555752707675,-0.24470229498026086,0.06486738254035229,0.19654861652504632,-0.1043290762061857,0.010328831954725115,0.04486285282206781,0.10099997769730235,-0.026802987539074508,0.15760511803510235,-0.005648240844533858,-0.037858330831264886,0.011933441836716963,0.13362868945032003,0.038784975508999064,-0.02494088530668581,-0.1003266102437197,0.05083589096544738,0.13778385379055394,-0.002770784005941035,-0.003504308340738638
29,XGBoost_r171_BAG_L1,True,0.07391300646794216,0.0015992416418211253,-0.045749800572457255,-0.057541394637997345,0.02901540747497955,-0.01139928909122756,0.014378983000932877,0.004790564740193459,0.027612067674813057,-0.08760441370413485,0.1710598359829556,0.02837553078873367,0.19598623440809249,0.07899247267733389,0.06850190156897334,-0.06424711321667731,-0.013583756999320462,0.009853004102281127,0.07474830106456964,-0.06007555074909504,0.0866859848254451,0.07849759851086824,0.017030864622694708,0.025610483323501687,0.02499210364433213,0.19769852358061646,0.013809657563358169,0.209169897448743,0.029770746233303225,-0.008333863504871475,0.039343975503711895,0.05895565942442338,0.05862896552822894,0.03403034479613898,0.0804815392496595,0.12012561571058256,0.005044333064199602,0.0013657163707717634,-0.038843822919444104,-0.058342446498875766,0.0019371182493645445,-0.09870452225287552,-0.01936871327399095,0.03934468210139047,-0.036888288133675506,-0.0235722478723,-0.18756740288274854,-0.15996638498151605,0.11071591752389143,0.09343624924867742,0.013792293984916198,True,-0.24844013529045922,-0.18205442402124689,0.0034518039064028727,0.13965696172716796,0.0724098192123987,-0.07656839460290946,-0.0796350952541257,-0.07580432061511318,0.05763261865815597,0.018060479129166696,0.07291368901576364,-0.11295450196548915,0.12254178563647478,-0.04198846140591139,0.237324002828162,0.1266068743669187,0.019926011970620328,0.3134416368196595,-0.17620139066608076,-0.14554029661246629,0.16741157681711072,-0.12963212126590704,-0.13578221143011784,0.07640248716267582,0.013765736510635035,-0.011421664949810922,0.1901212761588511,0.02890191035965428,0.040117055781815555,-0.14922097607436052,0.015010834607954826,-0.23419907074808652,0.05088225966729343,0.19904827363595912,-0.09590887003602888,-0.019966809891342585,0.04349445711462385,0.09961205291435854,-0.017053962589101718,0.15827932460988509,0.010302550037250405,-0.04175351041138331,0.010070492479237692,0.13189411544601498,0.026090679443142903,-0.020561460512140695,-0.09740132291799733,0.04831841021028763,0.13368669716855514,-0.0015812692468951403,-0.001503389826854243
30,KNeighbors_r151_BAG_L1,True,0.07417067901693514,0.0028232370017866604,-0.044786834723895,-0.05780167708132167,0.02882480371546403,-0.008480069152061676,0.012353809897539203,0.005706483464986811,0.02356360480269548,-0.08566201297417175,0.17264692761775136,0.0297220196484832,0.1954399173719823,0.07724355621870094,0.06827825087171259,-0.06354658839036553,-0.011940576116319601,0.0052979400197365745,0.07474590202045317,-0.058046144788135245,0.08693248369401474,0.07593750629982787,0.017836646224616448,0.026146690273113005,0.023989532172341788,0.1934995675037503,0.012501584612965022,0.207424829609913,0.027888770183740585,-0.008759815290859452,0.03832057352782284,0.06106466745193717,0.05802127966289394,0.033786097876583154,0.07955194096463514,0.12015289476155211,0.005752988272395787,0.000243085065367743,-0.04156586871810508,-0.05681216196970745,0.006410527054939219,-0.09844727682987564,-0.021459651108404476,0.03951030724055127,-0.03749324202299276,-0.02176856656704329,-0.1836800726137897,-0.1584497081214915,0.10974739104431765,0.09814110111753432,0.013594708669820503,True,-0.05712324225124549,-0.08382608592389307,0.038479502921759556,-0.011843498191152296,0.11341582102486569,-0.05051027856249357,-0.07570036646762335,-0.08542776233248212,-0.043331207406018854,0.04447205719573899,0.010150721642106453,-0.10625788863066421,0.051513823167749884,0.04553695296894744,0.15277290786343906,0.0771055003585912,0.0056872383930486325,0.07086679005860487,-0.06617494816161806,-0.010943777988797643,0.11088551000782346,-0.15191561754629712,-0.00013851482459081854,0.00302952715544641,-0.020658417959037667,-0.013055158771094144,0.11958120081349716,-0.04943208266087029,-0.03619961147431039,0.13413761936418458,0.08904496083994395,-0.10749329198693008,0.0020633053390471945,0.16008746613711577,-0.12597140244574406,-0.017638472069952393,0.06204907860027903,-0.0009575321301885376,-0.005950928415048962,0.08255782175525456,0.00284113268578684,-0.06348509160799262,0.0450776970991742,0.06661053026038766,-0.06020708090377347,0.11530815948548667,0.019586894253859066,0.038766682192063806,0.1187094636941954,-0.08425672962958357,-0.07004152043316725
31,LightGBM_r149_BAG_L1,True,0.07601843652286777,-0.000557128320558653,-0.043522421653147125,-0.062386234398646156,0.023912277774014223,-0.012844675849810305,0.011893649720773336,0.009005099677413198,0.02908217362754273,-0.08492403397342485,0.18345922334105597,0.008609157266680767,0.19859111130195406,0.0737008281731493,0.06841839802066207,-0.07931658034125721,-0.014781966278829217,0.006226422702402812,0.07769976656163713,-0.05429693707469563,0.09071147527709078,0.0795669275382953,0.021912610066308208,0.027496595580941974,0.025756550942394763,0.1931926155596258,0.010429036715227213,0.21101360077186956,0.02254752445992797,-0.010592696425686082,0.03884129689633956,0.05917711980973778,0.05917993818146333,0.03738747643061924,0.09030247870458996,0.11561072331807781,0.009242640018743087,0.0019402440077527228,-0.0413278631292352,-0.05815190892986438,0.008226668678843807,-0.08538098226099367,-0.024653332917768098,0.03982216414849912,-0.03985584584183438,-0.016459589919956233,-0.1789226677809389,-0.16787816782068882,0.10986572281531437,0.08832021946565223,0.01259328651621003,True,-0.0632103429158189,-0.06825670795453415,0.032507925254514236,-0.008003894241227036,0.09369872429965605,-0.04386073069567322,-0.08164450943919895,-0.08386587212109942,-0.062422985426273045,0.05454758298940843,0.015912831700613098,-0.09368880106523342,0.051929503879766664,0.04618265360080281,0.1332511196605018,0.05047474195957721,0.006959429599492799,0.0695905311771554,-0.07631959571273164,-0.029792972218325005,0.07975773027278887,-0.14046133314935888,0.013106538043656614,0.0025116062315477874,-0.025268856485889717,-0.011948806279118603,0.11080901926380404,-0.037144344224448705,-0.0311779443117716,0.12626509836533545,0.09190446332188001,-0.11308504375701217,0.00792597887394296,0.15496864745035607,-0.10979081757539859,-0.02879120735042004,0.07052416779559977,0.007369846247032335,-0.0030237885845012247,0.07965432938707873,-0.017921665009518084,-0.06141080193661852,0.06415787987370278,0.06314422981659165,-0.049976343060776016,0.10332181381864858,0.023656980989334914,0.06416919382150749,0.12887349242293966,-0.08716296758290723,-0.06208546920541102
32,XGBoost_r51_BAG_L1,True,0.07517486939135601,-0.001218280568978214,-0.044734434928175526,-0.06495173224256012,0.02629102429321173,-0.01579466424912246,0.011447012908707865,0.007807911905212572,0.03716105119726931,-0.08734240643224722,0.1857820396631722,0.0015037533508586165,0.20127261526788054,0.0720759077564127,0.06847492584838424,-0.0803180413191944,-0.015550291004236882,0.007907681932200372,0.07834959668595398,-0.055045028030889065,0.09167446352793895,0.07837074448152848,0.02125577400627099,0.025323980903347643,0.026788972603799976,0.19584173455412413,0.008927452789436963,0.21364953470285597,0.02153668881862436,-0.010452455967391527,0.04262570871993304,0.06011112628399884,0.05925925829787837,0.03829667286589933,0.09006809785073022,0.11915809147816625,0.01112897947488678,0.001754819127780971,-0.04109626967978164,-0.06097960720928475,0.008041034631687816,-0.09003085465220728,-0.023176316057268165,0.03935885551130058,-0.03814852931080548,-0.017042852330553193,-0.1807388562313963,-0.16803648293774653,0.1111826021365086,0.08588358390720989,0.014505393830053807,True,-0.06828084813035262,-0.06730881459898042,0.03493918673776869,-0.00979240980126006,0.09227323024550266,-0.0472291296564506,-0.08704840830616767,-0.08775100554294346,-0.06470267634181656,0.05229058686628718,0.020726008215648795,-0.09993345517873514,0.05160769576534824,0.04687825405144569,0.13715745997537934,0.0503298336474981,0.007742571282303157,0.07066030607680121,-0.07461377803234248,-0.023523033433926366,0.08505525227307295,-0.1469375983798475,0.0133671744799721,0.0013319835029690363,-0.022619862742132346,-0.01257745805207311,0.11842886291323049,-0.03902432441249665,-0.032216211458443056,0.1349820914577757,0.09520506218804159,-0.11919684886610532,0.00745832319417733,0.16336822976161566,-0.11989800587445498,-0.02957154787928329,0.07286879369345683,0.005453858445144233,0.0018077063116650471,0.08330221614693509,-0.02058961277710547,-0.06589974595294207,0.060138395805895306,0.06408257542265727,-0.05372845790369701,0.10972667724792967,0.028162521271782648,0.06387303281601708,0.13085846805962592,-0.08951605995605738,-0.06931953746447304
33,XGBoost_r106_BAG_L1,True,0.07551421870766625,-0.003253626227038786,-0.04492414737618311,-0.0703960085296341,0.025130395618188556,-0.01668613814469133,0.01205655220327384,0.007412119257629357,0.043701518919189386,-0.0893926445237678,0.19227366890864678,-0.007105913371085515,0.20344830742230469,0.06928510443976091,0.06960792578634038,-0.0797466938011332,-0.015451577883913603,0.011905714629971614,0.07818801998130034,-0.05863602888666787,0.09563750685591482,0.07478517513075728,0.019154423999898612,0.022253861782446926,0.029419197426252403,0.1989071406412672,0.007755872215243043,0.22007471049005367,0.021028229488235572,-0.014271671407133257,0.0497775060435177,0.06286021485248,0.06171031794422516,0.04226839835338436,0.090629634148572,0.12356779089319286,0.011344967682805074,0.0021495689263107964,-0.03571991023896376,-0.057207655936249435,0.007154609260006009,-0.09545177817094386,-0.02574068856955425,0.03937287572896196,-0.0398232698965264,-0.01515447177099355,-0.1862203425737876,-0.168345482217274,0.11293920581630963,0.08023008261386814,0.009649046374900959,True,-0.073289824902461,-0.07221597340765196,0.041972938125394266,0.0037191016570042867,0.1089718320967761,-0.036080305543919555,-0.07850281705038868,-0.08211856896084348,-0.06433547667054093,0.05658866826274403,0.014032722784043036,-0.09615051926728721,0.04050382556328541,0.04384788329564393,0.1132381136502209,0.04509947307878759,0.00899410558037221,0.05666237995935325,-0.07854791103367836,-0.032357473853395546,0.08268458862496908,-0.1382569070217589,0.0010435654269881078,0.0041442593339481165,-0.020441982396820352,-0.007724181599454719,0.12527764207267486,-0.024831665406133352,-0.025393015870208105,0.1158448738513046,0.077653692902834,-0.10846986395732909,0.02491066247864314,0.15927083594813973,-0.09547168584731394,-0.05848298232396243,0.06827441837867844,0.012272309774095935,-0.0011083399319563314,0.08720437233079176,-0.005208326804026886,-0.05695833182124184,0.04394749490897498,0.05349086903905387,-0.03629995166548966,0.10597552779619338,0.031121877675860915,0.07580062117647629,0.11718039754417926,-0.09369629368346682,-0.04877654598978704
34,XGBoost_r122_BAG_L1,True,0.07524010247036893,-0.004337298303770304,-0.046930218490922354,-0.07229719018020625,0.02446800130482074,-0.017384968705208337,0.0129257950443315,0.0063174764005779205,0.04674108284478928,-0.09030473322642626,0.19483385033743714,-0.013593089396793823,0.20440971817956888,0.06720570555596678,0.06975416521248304,-0.08046489205216018,-0.014669792528612391,0.01246041592564575,0.0779951624507006,-0.059957118012086585,0.09780643165783118,0.07427980345914481,0.016270752424260737,0.022004914537045173,0.030539182785503355,0.20248757333668932,0.007534542320558585,0.22353864172236115,0.01991386243929133,-0.014376720225832793,0.05154689550472896,0.06404149907627646,0.06237366502899502,0.04470630340469506,0.09226543998120859,0.1251514453311017,0.012484839013915117,0.0023620822988202617,-0.02835067326719498,-0.05846850351599245,0.005737373453985048,-0.09936404078290567,-0.026492532027271823,0.03875522377165799,-0.04047257703526608,-0.013830962372214678,-0.18903835361800508,-0.16857036137815787,0.11263220401721691,0.078416886721185,0.006178897107360935,True,-0.08176168676074735,-0.07235143588547094,0.04554776491554963,0.003043129993131985,0.11128412812805816,-0.039157179847958384,-0.0882271257760506,-0.08787059115604953,-0.06553381541238959,0.05646585080130345,0.019759943286911275,-0.10367577879947666,0.03913951050663789,0.041771331962662334,0.11326647237194071,0.045270745671280255,0.011047638546465482,0.05788210020203982,-0.07535825027873641,-0.022481972616074236,0.0888609145081766,-0.14720085858726734,-0.0011167371643558965,0.005470322735056932,-0.017933094064379068,-0.008652125031063065,0.13696526531528225,-0.027217448342397754,-0.02689340886668448,0.12571605017043513,0.08209489606869527,-0.11646977812193746,0.02569173863328353,0.17083486670070258,-0.10679360341296118,-0.06614761904979033,0.07105909916682324,0.009529854006783689,0.008389662616934801,0.08910558534842453,-0.005959476396707047,-0.06431517627813405,0.03519772725324771,0.05329437417273891,-0.035839175175001375,0.11707725828261167,0.03872442034995205,0.07745780811333358,0.11856474164803749,-0.09638732208435896,-0.05695341714905463
35,LightGBM_r18_BAG_L1,True,0.07579566753896874,-0.007314556174233211,-0.05661312961673115,-0.0824220641318606,0.018198607035019132,-0.021824962430471162,0.014657365674967116,0.0006402150983066957,0.06934779895871013,-0.08838289467526195,0.20660291263535469,-0.03383982678641739,0.20846320735114887,0.06716528479440784,0.07084628691569997,-0.06783329466939036,-0.024647782001407714,0.018653858463823947,0.07926336110960114,-0.06016276163362029,0.10544749190286484,0.07887022033804003,0.01581457025396446,0.012516299446057477,0.0339185286539152,0.21392022921779996,0.006767155358547883,0.2331581392073182,0.01953521954236831,-0.01672016486213898,0.06325378872333588,0.06546186758137484,0.06527240534198298,0.05286368317020784,0.08957087037141664,0.129724754692907,0.009418939667515391,0.003876278817498524,-0.01951582682811437,-0.05930541583521304,0.00289373833012177,-0.10740135094336223,-0.030140643472815865,0.04161829042766624,-0.0482983421272577,-0.011021013187998613,-0.19452295240834971,-0.17004419300695955,0.11042829998316453,0.06397102754910265,-0.004148992040612182,True,-0.08362704638885202,-0.0709910546584528,0.04775684463393344,0.0030029167372087415,0.11211470504714396,-0.040429468653598866,-0.09120248854209906,-0.08953508865888381,-0.0678936394617535,0.05669013629766585,0.02398902267682296,-0.10606592396645352,0.03747410784558802,0.042471926073116104,0.11548895169922116,0.04744971112845186,0.011742726225111752,0.06019705919005289,-0.0765661129155485,-0.01945584169285179,0.08853367230733383,-0.15058901758016913,-0.0014206075107870229,0.004629424519081311,-0.01748966428552828,-0.008174519865456413,0.14016861409684506,-0.028429601002934866,-0.02619304594284911,0.1286719455496784,0.08360539036582518,-0.11788265890190812,0.025215372091544036,0.17514450548539923,-0.11040411399857264,-0.06557561713121111,0.07107113873261506,0.0061009176756495614,0.011724346640071008,0.09104230366903725,-0.005908826968830107,-0.06557738411115156,0.03083878394362885,0.05449576945528586,-0.036326317055694154,0.11713907708685911,0.04097032563655617,0.07587221480589565,0.11906989691978989,-0.0987088325139257,-0.05951534387092188
36,LightGBM_r195_BAG_L1,True,0.10717223968160465,-0.036430360610460344,-0.021047985862446605,-0.0843197930233528,0.03536964025378375,-0.026706554876738675,0.023629033701193958,0.035119513262232616,0.11800192812641086,-0.08096755450124005,0.21145926264184434,0.001271701505247691,0.1701835201937869,0.06385621718341694,0.07586788680829151,-0.11142869255290444,-0.06843664736502264,0.026079438386129417,0.07958436136718317,-0.04370246582363346,0.12261949365280067,0.009030790099916253,0.024037536411291027,0.05178056283072241,0.05961377321338435,0.1887135349583473,0.0030195835709667662,0.23487758321843036,0.00794403294261925,-0.036438024855716455,0.08042322584158401,0.06278371076835754,0.05146959125807804,0.0867495998350094,0.17145245512813112,0.13773615998700972,0.04196326943657036,0.01265558927462651,0.01628010959400905,-0.04367286089642097,0.012359939013174115,-0.14599812398192213,-0.08604835967172259,0.030306715776527993,-0.07504075457971204,0.008011414432744113,-0.21240884300668617,-0.20617609332945852,0.09184745481655877,0.01984418919023066,-0.037203996412461665,True,-0.08261605329257365,-0.07010048454245343,0.04775118325239705,0.0032703256097535646,0.11217582598074705,-0.035577656205241365,-0.09583197626031059,-0.08824645367757014,-0.07066578965168932,0.058106250632124656,0.02789215045340133,-0.10678137418056474,0.02973811675000787,0.04416994829112378,0.11808308379448151,0.04013825110991809,0.01047185449045554,0.06472451758855347,-0.07398497220421339,-0.02683793472301807,0.08759144901886225,-0.1506597701087311,0.0010830875145777796,0.0023157527839255676,-0.017549576664201066,-0.007080068227660094,0.13902738821180113,-0.029549557864380738,-0.023231665506246432,0.1304853336555081,0.09080295144378006,-0.11676138142461813,0.026721071596704053,0.17272576298669784,-0.10700431039438651,-0.07027344279401429,0.06989962798660249,6.229143422237238e-05,0.010886623461233064,0.08746312166256617,-0.013459029376787876,-0.06419561094397888,0.04045334829812586,0.05297936927921429,-0.03094500060743656,0.11952838742064292,0.033917544045713205,0.07953651498024572,0.11580899560169164,-0.09323454589761676,-0.06286149117281149
37,KNeighbors_r46_BAG_L1,True,0.10085311754455716,-0.034655748206256526,-0.03151302507808906,-0.07602612924196024,0.03140110478383823,-0.029091314025200182,0.03477816697910932,0.05058652447246502,0.12224748156910392,-0.08548979211030669,0.21651406900559678,0.006546656771248605,0.17623147713922918,0.06766866278385161,0.07600814454845879,-0.10222458127213738,-0.0663445909454917,0.035783295303135204,0.07935959620559949,-0.03960652113313343,0.12818304687498683,-0.04166595647864435,0.02108012982480706,0.06056528394715768,0.056779243844704286,0.19620188109823172,0.011252345521548246,0.22911290515791524,-0.0073785371649313924,-0.012852196218731071,0.08021280445473669,0.06263916569222569,0.05466504569671497,0.09888287557993322,0.1637599699856242,0.1317732362709991,0.031769383359100095,0.015625222306094602,0.0002964429121443124,-0.05311444843462729,0.0057493887814766,-0.14172409584752377,-0.07635354159926902,0.028143206623166106,-0.07173805506732794,0.0027625612359643836,-0.22306275252156296,-0.2111449408549548,0.08802284431158071,0.021019593028061587,-0.03745708275196719,True,-0.11854341206257324,-0.048436110279668314,0.0534602196833103,-0.007483681147000203,0.1443702136073108,-0.03227352590698013,-0.10627095498942479,-0.09369088436951278,-0.02289075114735986,0.08342322252627646,0.0182940593532879,-0.12797207346905023,0.037778637934325204,0.05459569365464681,0.11959684018507319,0.05390620225922166,0.018731393743446734,0.06933281252985465,-0.06251816885929831,-0.0002000617958726747,0.09230753048639329,-0.16060045776667844,-0.003454854390284312,-0.04100389685563036,0.0017551256960686712,-0.002308633711891328,0.13898666136164117,-0.060541462084157394,-0.02342654402938854,0.12313187048112914,0.11685845833910916,-0.13700521563260615,0.019816575346304405,0.19345931490630494,-0.13185340079158553,-0.08797028058053434,0.06270596982384335,-0.07714824566909176,0.04328249843439183,0.09635759669469172,-0.050034049460049156,-0.08779183440956864,0.05424006053743055,0.0638678399761754,-0.03337398418096632,0.13033223795700496,0.036569914378511176,0.07440955823459308,0.12778489152720193,-0.09588802618429088,-0.0556308734698841
38,KNeighbors_r106_BAG_L1,True,0.0990288497700435,-0.03740921619832582,-0.07840112777669495,-0.09550056611798752,0.0290840588330894,-0.039769874287787665,0.017336162710355263,0.03152057183448653,0.1217287658953865,-0.08513694530628377,0.21584817351605012,0.017040523031905674,0.1964329856145297,0.04885831437946128,0.05674236719250411,-0.08935364787493028,-0.07372870833770839,0.0672858706895679,0.0882112063060273,-0.0012472582385840147,0.15198481353081328,-0.02748491997824004,0.04561579778160088,0.06878916830459775,0.05833344699811849,0.20730252332920202,-0.002753581060533805,0.2169505331072386,-0.0015570614066052202,-0.049285252180011674,0.08379844453588545,0.0570768352199959,0.05436152069720601,0.12096402456651612,0.14480021192544296,0.15113343621032277,0.03384546371761993,0.02074930172521583,-0.008901420624075618,-0.04509490158998458,0.02920579241359933,-0.16017160839430838,-0.09141078994479157,0.0418538397422433,-0.06593634850096641,-0.008634349092688731,-0.24694042420427875,-0.1862301848365917,0.07368478422955593,-0.02614978838597881,-0.022838618020272768,True,-0.10812236205836412,-0.03810465778965131,0.037411386599376345,-0.000870780619633138,0.1402969995988536,-0.020102437593931044,-0.0886044357972775,-0.08328976225946766,0.020377207787944128,0.10000604377937217,-0.023207692869547752,-0.13071137054132476,0.06058195199129206,0.05451885894763209,0.14931667275432134,0.03519455779192248,0.01723043225006035,0.06497027203852007,-0.07240284839155114,0.018283087991051244,0.07138752940681949,-0.1412763162935985,0.03505033233166066,-0.0301963868902431,-0.0025988914126788276,-0.006391433935085594,0.10743475900006808,-0.07655730840422872,-0.022499303215709393,0.084930585586567,0.12011033022200066,-0.13553194238790775,0.02838397071635375,0.16600188266018812,-0.12439626769940032,-0.08949549745597216,0.08086575695593443,-0.08669899957569252,0.04529056589754796,0.08512011257082853,-0.05273925695996889,-0.08223394677565113,0.04164755798906514,0.07335328716669554,-0.03847661971259003,0.08416967857117327,-0.04122250614855803,0.09308094854423683,0.14731368762355207,-0.06343912831715554,-0.03685195467929217
39,KNeighbors_r174_BAG_L1,True,0.09359978191701813,-0.027821680874270616,-0.08893000824080644,-0.09673438660956468,0.002184995493018871,-0.023561452877288946,0.11125090760317669,0.046261046240909154,0.09920124293503318,-0.0741299869834775,0.20646451137345267,0.01783200531529394,0.21030535699845887,0.06958850434217784,0.03347725993795854,-0.10539171992389407,-0.06966136760929031,0.033773235091874965,0.10598375415587824,0.02010353684597288,0.13484891295159956,-0.034988868038383525,0.10606885713795056,0.05740536701346033,0.0558138050319964,0.17843007524147464,0.02812868343293473,0.16054555714845253,0.06517067925061198,-0.0451947929053198,0.07768807316420229,0.05195467859298031,0.040022232124861334,0.09334141707399068,0.14554611306717857,0.15859461444306666,0.04540005209419251,0.01412819712555069,-0.030772189759438295,-0.10757786589923413,0.08347153934130619,-0.14643959596887868,-0.09250322849452774,0.03227309385905902,-0.09284553941673662,0.007488281666933383,-0.26071462801808654,-0.19000892609946862,0.05961629005279586,-0.03562160445443898,-0.019182189223464784,True,-0.0660859521216072,-0.06484033007051695,0.030919353617002876,0.009800638705290465,0.12993201380660152,0.014181903117011688,-0.08155205111447883,-0.07686321058449724,0.024981197991869385,0.07418793247448335,-0.013110289051578294,-0.13041175575922276,0.08814964055569434,0.05621173690369183,0.1755760071862441,-0.00364923387781646,0.013134058735710719,0.0320614903924062,-0.07210889483226168,0.04338323257252391,0.06699776992583494,-0.13200901903339557,0.028927339132767793,-0.03565271438639081,-0.006102955056366599,-0.006735090185151671,0.0966199389110367,-0.06907679634373141,-0.023684457950151727,0.10030836665897638,0.12307303576408946,-0.13840982255849765,0.0361383063690042,0.15937261988510085,-0.11097204062255042,-0.08250461434098089,0.09118662697924465,-0.08100995900851826,0.054276642789820806,0.07027550257735952,-0.046750933696783514,-0.07251245071755036,0.024131287749888458,0.07846048409639447,-0.04112570271286092,0.05612782063905157,-0.10599831852180025,0.10934902608979552,0.15506995673677282,-0.03830051400598942,-0.05071486077941672
40,LightGBM_r130_BAG_L1,True,0.09163767708992812,-0.025988145769289428,-0.09217245706699662,-0.072397800775019,0.005206487115257286,-0.018915076466923697,0.08815035535719273,0.01722331191199311,0.07796358175167217,-0.07167039634620531,0.22028776782215642,0.02180902504370641,0.21215592344384904,0.0445618127187668,0.04069043295055319,-0.12478890691258337,-0.05197903709064633,0.023148345405272663,0.1103636516770643,0.047518075823322126,0.15349192555470026,-0.012658839637080366,0.14662384059546618,0.05574717381097116,0.046966777598072884,0.16625851013238302,0.028359589440473787,0.1518523819957747,0.024930314215442007,-0.04442404669151645,0.07400918483710478,0.04323504808126288,0.05315437586275351,0.10397330956188355,0.14646255249808648,0.08824659897238574,0.04005490969177172,0.02277528980844168,-0.05836413938785956,-0.10748850544128308,0.07017707234299986,-0.13300191406188722,-0.05579374755514954,0.03698048691569222,-0.0897241080439497,0.0016521732605481176,-0.2369138936984725,-0.2097971883316352,0.06014552620779158,-0.032058926536332376,0.009509902543378216,True,-0.07010154193706564,-0.06522211219065549,0.0311570644008779,0.010604569087051707,0.13057074828090756,0.01391600828977882,-0.08376198390309336,-0.07845420769148526,0.02375786196512876,0.07332418652768119,-0.009449024596245442,-0.13674263345005444,0.09053731920155728,0.057525452998275606,0.17994214931917757,-0.005522726594538042,0.012731597481360435,0.03200182330728903,-0.07219489766212461,0.05040236575664303,0.06993743911721434,-0.13570235871969882,0.03164226018724725,-0.03717996649456898,-0.0056835844459232066,-0.006696609221722383,0.10061222329766498,-0.06883911844311716,-0.024115114123248516,0.10568497916464822,0.12530103847476676,-0.1447183386472179,0.038900001384743255,0.16426482410698504,-0.11624455898184272,-0.0851951469406656,0.09321635573134812,-0.08168231444559686,0.059296708672126,0.07052372110230351,-0.04941259067849357,-0.07507532616136134,0.01957803275914244,0.07872873722864154,-0.04232501319732768,0.05778135664658468,-0.10918726795009209,0.11057908583336329,0.1571264594002091,-0.03782748374898129,-0.055985359261665424
41,LightGBM_r99_BAG_L1,True,0.09486921710364964,-0.027834074829622246,-0.09177005060469567,-0.07441010750544307,0.007116375471818176,-0.021008767115338,0.08981658213311378,0.014275101769994053,0.08234610018928212,-0.07200762104805312,0.22590387619008018,0.01655876394494943,0.21293336549684327,0.04290799423400775,0.04207632945368429,-0.12939752165175403,-0.05418314684916892,0.021935408718155663,0.11088766071640477,0.047430292860588266,0.15865630066911024,-0.013672184049726782,0.15234211704470516,0.05479432290452205,0.05018111284390861,0.16985423382413037,0.028057856503327205,0.15383406037145805,0.021902421117875742,-0.04671581197860472,0.07986480607188601,0.043814961393829566,0.05415196875433481,0.10820201602699597,0.15079893185086432,0.0821072705246719,0.04177450843883693,0.023984956672962993,-0.05552977964588224,-0.11192388686509909,0.07147382432503344,-0.13105053445122744,-0.0572372729270747,0.0377427822548094,-0.09613998883126662,0.005705837960997745,-0.23969431675971492,-0.21440735317679724,0.059213175265567075,-0.03616498810111434,0.0073246527771160365,True,-0.09925384956721187,-0.06885643226991003,0.026780715876908723,0.024044994060585273,0.10630354440287862,0.050871934056821444,-0.05730061962341976,-0.06874116282104534,0.016734583115913887,0.08817257204631718,-0.017411160197167652,-0.13279962458278396,0.10136415757786739,0.05514096854125064,0.15891889023274927,-0.0042135180287345,0.012239463618744728,0.04197857910834485,-0.08059228324024571,0.057921304185493405,0.07624085470385228,-0.12882343992843473,0.0038438373006184634,-0.057062856713282345,-0.014790454321430724,-0.008579613947027498,0.11128533368453977,-0.07405827942478196,-0.0191440419000537,0.114898092347308,0.10991185857955596,-0.12454082116173554,0.04860667104180372,0.14651447736225148,-0.11980274125236029,-0.11267044608111393,0.09319279169516553,-0.07701828926980563,0.06368792227410569,0.0630773760234612,-0.06708613790004764,-0.06329238861476735,0.02645933762571409,0.07883544834750736,-0.04818417413613685,0.06125774219628147,-0.10452763947016269,0.1239961953595573,0.18777436420348192,-0.015416279704005541,-0.05607542998826578
42,LightGBM_r56_BAG_L1,True,0.10110526233234188,-0.023469159806879247,-0.06873023055930272,-0.07961771096626524,-0.0063436222194550584,-0.03012706070120652,0.09822617274364287,0.04383320626897946,0.02533910263749206,-0.06596963912758569,0.1793140870346306,0.05553610656150765,0.20739874792646207,0.005024817888548805,0.04757283310830368,-0.15180502158625053,-0.030463431883641867,0.01965148641181297,0.10191819362185472,0.06453541963424642,0.16322319347983782,-0.03134599134357963,0.15909912799452264,0.08276106879864642,0.0623646222113301,0.15020305312716187,0.033792834465762756,0.14211333596812448,0.015681574307258694,-0.07050019940045438,0.04867370662539966,0.0501085593812558,0.06069635632274317,0.11473224996233622,0.17391443975643295,0.11284300106225142,0.04710470849143222,0.01599509279366651,-0.028826653512058265,-0.07753320979222056,0.05586412827697074,-0.15719097056473785,-0.08355507321542027,0.0010888119068028779,-0.05256796037475309,0.0031325531191475076,-0.23974211501720255,-0.2223347529133166,0.06446892481174303,-0.03831578894295924,-0.0007288411619650352,True,-0.10153046653953596,-0.06255847356607366,0.025879516532506017,0.02393584617574393,0.10392306475398505,0.05840011578156379,-0.03770745565079367,-0.06330235557506078,0.021443396844473717,0.07637001391690085,-0.04668149494867235,-0.12200158431785024,0.0935569690650798,0.05538162464083257,0.14432214019250927,0.005151908376824686,0.013375936181682577,0.06453965236512588,-0.08396488486863997,0.02872816583634971,0.070691084153777,-0.12341582641223016,-0.0036732987565688546,-0.06209702962752148,-0.01787652753387456,-0.004851955714310505,0.10870722465121621,-0.07939983759869776,-0.015916952018451072,0.10639698177676551,0.10175677491781562,-0.11345239829195086,0.04834003583778393,0.14687313722235823,-0.11867321316960551,-0.11206686327553882,0.1043467615902463,-0.0740518127826916,0.06346629544424418,0.06566106253941377,-0.055615588323300325,-0.060478921686163645,0.015400520233873394,0.08273873392323253,-0.041144029780196406,0.06563383108970822,-0.10074613390609619,0.12798218255903893,0.1892389477545621,-0.01769916831986236,-0.05499683131559254
43,LightGBM_r122_BAG_L1,True,0.10417603302222492,-0.01671580466114403,-0.06205795027821959,-0.05123022717927145,-0.00188002538662152,-0.03168533308955768,0.09408658479938892,0.046502103685280294,0.011615894261732151,-0.06415630269528177,0.20023172308071446,0.05713546748013398,0.21968328423748185,-0.023706980698713243,0.049513659787811325,-0.17084214678107135,-0.010355753442762183,0.019642551598597513,0.09167525104442908,0.06486306942323042,0.18311776299660842,-0.025918576140104954,0.16160524241036267,0.09741058628398702,0.08064984454752333,0.15091363496984533,0.03641959008435802,0.1346902325100648,-0.0018243313248044735,-0.07381943421694076,0.03812235258738483,0.028397729903670177,0.06697013335079716,0.11489922182606671,0.17214322696455564,0.09002945298079201,0.01811557609491532,0.01603625805627007,0.007175369032598411,-0.0919924538956326,0.0609932996787515,-0.14960953636683416,-0.09071792493524031,0.01227984804984622,-0.06410969073147266,0.006293195594700013,-0.2597044185480144,-0.2316366484889265,0.06271571443504095,-0.05029715070589544,0.0006731959224370065,True,-0.12136417068225949,-0.05855627937309273,0.02576139098064406,0.009842367565580656,0.09194384877373721,0.06353170759494411,-0.028551803585428415,-0.05955838257939043,0.017068020749370597,0.0883847725997286,-0.059515067519118656,-0.13445360119994676,0.13165851396885803,0.05770858108901007,0.13493064093204268,-0.0023090156518712976,0.010909892698345011,0.07078937893185686,-0.08260537990325414,0.05719085743154767,0.08172340886911136,-0.13109109110420653,-0.02001461386786535,-0.05464886830399261,-0.01526281219721299,-0.00030949367326253696,0.1364963507903544,-0.08260741303785622,-0.006359114039361888,0.13242408312005866,0.09403732379609504,-0.1365957072563443,0.07375930697915015,0.1570732149845703,-0.14485591000696652,-0.13296438263467864,0.12281697382144294,-0.07457310487178159,0.07978291201657423,0.06371736816639859,-0.07641035997981237,-0.0639966952004505,-0.019996130918772337,0.08202069415002852,-0.03268988737562599,0.09218124205566486,-0.11362922581873286,0.1368854431186017,0.2146514063608717,-0.03145002333458655,-0.07742064673113365
44,LightGBM_r107_BAG_L1,True,0.10721080400999962,-0.01750963147121265,-0.05707499097648938,-0.05340966904249145,-0.0022323735866041083,-0.03365889629048402,0.0979473476871009,0.04940923273882136,0.013297271474747241,-0.0639396273382864,0.2044689947919296,0.04866088693419002,0.22170501878429283,-0.02663179592999909,0.051524820782389846,-0.17161920983393752,-0.012576938491406064,0.020089709097417696,0.09310433101383309,0.06420249469218392,0.18587436756092934,-0.02894448015710349,0.1655294669418942,0.10265223425115,0.08435924020967356,0.1553449007637311,0.03741121200000519,0.13731551123594773,-0.002271626717437192,-0.0793760099265769,0.041010126759883025,0.02801766883891199,0.0678431934853374,0.11708752209260975,0.17475670752556782,0.0929082224263107,0.017080580866053463,0.015606445758738374,0.012054396513078824,-0.09477033616712638,0.059983739223005705,-0.1486656189626423,-0.09753530868081028,0.010276625682453022,-0.06690949560326498,0.008682230491493081,-0.2638586283191877,-0.2352485070671415,0.06250127989296214,-0.056334455479267374,-0.006041689247290838,True,-0.11967370904796977,-0.06825219024813967,0.02864682531702703,-0.002421040043318917,0.10265099895463556,0.07252524743680233,-0.04137787360385842,-0.05728905186646606,0.01740607833034727,0.09234193787244474,-0.02634231838117626,-0.10905198033418323,0.14408483244947362,0.055298169138268585,0.13171563881604106,0.0014119699672721087,0.011854365101131192,0.07178678683568623,-0.0928422249884537,0.0436074998424424,0.07125921280869157,-0.12342321605016075,-0.033757105262822384,-0.05168516982430668,-0.015103387526326596,0.005185062001371407,0.10799338620887176,-0.08822594790953331,-0.0012760773150670146,0.1272468765803034,0.09813676087966186,-0.13516739018882706,0.06430878687838243,0.14749133065291742,-0.13048249209766322,-0.12826939891720945,0.11129574167211964,-0.07496267290011494,0.0684198162273253,0.0653545967815366,-0.06752513566287416,-0.04602177254341845,-0.029867957919002958,0.0852506088496454,-0.023018682888212516,0.09929977647856517,-0.10893148254599586,0.12895495145245045,0.2018433078579049,-0.032348551980324894,-0.06784347954438302
45,LinearModel_r71_BAG_L1,True,0.10257248550536008,-0.014044724593513441,-0.0632922574106024,-0.0600458504036151,0.0008937386351343113,-0.02992906461441247,0.09175382080375372,0.038700331813020794,0.002046108976099248,-0.07711274471842366,0.20168051844459173,0.045519934579695776,0.22872146208258748,-0.024926643102135382,0.04975553387095828,-0.1790537720245674,0.04744017181402571,0.022493646199927664,0.08718714875118883,0.06009607746355666,0.18273412762994595,-0.030839481399312196,0.1684186417960522,0.10239277779764433,0.049300266782934976,0.15496125179532694,0.028565750042154836,0.13512526983761874,-0.00576469554966752,-0.07887097139477789,0.05108719216168904,0.02936743579290435,0.0651930638929849,0.11319045753276191,0.16811074592495345,0.10565937422405253,0.009383938427848515,0.012072306920153153,0.024889162998266934,-0.07434243276633762,0.061678965581104,-0.1535883318500445,-0.05870258742150977,0.012946647166986264,-0.07041528840572642,0.00018688962939013287,-0.2575968533635737,-0.23740165415880443,0.056720942227470005,-0.06077099099784694,-0.006499677864437614,True,-0.12568897008517216,-0.07088253174719684,0.030363073464796317,-0.0013548235361638405,0.09292084098430732,0.07555482487129968,-0.04371218310293505,-0.05872457924356998,0.016998874942662764,0.09244438124123326,-0.022727792997802646,-0.11526900442882484,0.15018128035953035,0.05784897488160474,0.1345385776300851,0.006525249570574453,0.012902172542377714,0.07529179816028805,-0.09374777753197186,0.048772561199265305,0.07448947666472028,-0.12827120451378982,-0.0324487811190553,-0.05463542425509572,-0.013317195988891866,0.006435253397206228,0.1126274574336742,-0.08720834373443871,0.00048127019740244054,0.13115268934817984,0.10288029331252618,-0.14377263477502367,0.06846506042541015,0.1573480738874901,-0.13963599541562338,-0.1318344228184049,0.11413965946397249,-0.07888703026086308,0.07330351422264718,0.06567453759224345,-0.07058623470081798,-0.04780555168540446,-0.03989243314539853,0.08700452957591291,-0.023735179112303783,0.1064312575637317,-0.11519553039283457,0.1310866356002522,0.2055277788617671,-0.03381646605794171,-0.07445875007165155
46,CatBoost_r189_BAG_L1,True,0.1100394106129715,-0.01558869583585798,-0.053212637649782124,-0.06200735369683408,-0.0012669294960508948,-0.03792452726819562,0.09254947987507567,0.037100410011364326,0.0004260821313546437,-0.07593275960293888,0.20244376527846963,0.034756197226004204,0.23118716660592087,-0.021346488628159577,0.055724759239067376,-0.18122911396485675,0.04593271500787077,0.023307323953039527,0.08903845519700027,0.058844676369327775,0.19172665158282443,-0.03131782505409464,0.17846202678193046,0.10719975249609948,0.0505372350214468,0.15131126499461955,0.030502670862056602,0.1361803660011549,-0.0073748309536413315,-0.08239666742449214,0.06187882167349412,0.02768563535744828,0.07164765149445784,0.12054639084504482,0.16998667533370537,0.10785238393450802,0.004006139889339844,0.010857878507318564,0.019370963064388125,-0.08077981547933322,0.0612564145932043,-0.14754412864989042,-0.061280162426507134,0.018392847140750346,-0.07551812119511037,0.0011178634736863091,-0.25523392421296265,-0.24151840444640715,0.05645383053492688,-0.06878080405273951,-0.007920331077899924,True,-0.2448768172813689,-0.07584344374956642,0.08457943983785388,0.019471646128549014,0.11620547668493386,0.07796335671003174,-0.08123257143699963,-0.0814428380211536,0.045413428629313524,0.1462903336938668,0.03991094183955923,-0.1395065726819562,0.08306518484364406,0.05609751155794951,0.2979073169041045,-0.00991132344870893,0.052583099504183606,0.05276597971771069,-0.04274015260868069,0.027313702102437,0.035645339559521316,-0.14422196217148125,-0.017647018933971026,-0.15241939099490032,0.0334809895190602,0.05850357009513474,0.12281626695564585,-0.12974420181449509,-0.07041128431349342,0.15837432085184078,0.09907042027535051,-0.28697869666588816,0.06600641445284633,0.1629298208719342,-0.2981784057992247,-0.10810707419929622,0.10759023476400831,0.007001604614886081,0.19196900281547058,0.021631690808506354,-0.09244836341124041,-0.011658382078687968,-0.18448119214535819,0.06009169834251871,-0.15297239134585428,0.1424738615495379,0.05732342894954923,0.20968017173195164,0.24560179408974542,0.06458367599401055,-0.146849409551616
47,KNeighbors_r120_BAG_L1,True,0.10907436556982586,-0.015322213324435143,-0.060300078884316335,-0.06031565668896265,-0.0004311103913986168,-0.03559656958958216,0.0937410252246215,0.03595780340898906,-0.0010033091715563186,-0.0764492762925047,0.2011987863796324,0.033951626073395795,0.23075929283336086,-0.02108204079309624,0.05586084939713318,-0.17934735654977754,0.04516755956869317,0.023909046958392084,0.0886299910538823,0.05939476402376249,0.1908981666239801,-0.02892531463878579,0.17262600808969877,0.10653505221665358,0.049941272476376024,0.14986419717087882,0.030808359077087327,0.13535439898085433,-0.006721820111490851,-0.07896313516362875,0.060193095681217536,0.02778821223959741,0.07122984777818071,0.11996941231502214,0.16854394308205534,0.10487837319422942,0.004631205682293145,0.011094161228860318,0.017400708318392168,-0.0791611531632554,0.06335545802626197,-0.14716541735558103,-0.059633389847262644,0.019083164729911405,-0.07293028391041209,0.00016740857107528512,-0.25469411267451625,-0.2399194859495442,0.056526564395673475,-0.06504908963042928,-0.006301958588338432,True,-0.2490908772114092,-0.0787319912762407,0.08473696840326916,0.019054229538441415,0.1162952233893572,0.08174732079045252,-0.07860926696230314,-0.08005230562507792,0.045137871676983715,0.14528795570380731,0.042511994344038836,-0.14564566051281494,0.0844597758091198,0.05776362153603833,0.3008204289194463,-0.009676112667342515,0.051729133207103914,0.05059920558850162,-0.04197732478398536,0.03108119425657596,0.03418940111286362,-0.14772627944574124,-0.014376824522772731,-0.1600722563808336,0.03536092569527444,0.06161300382456064,0.12512050761323423,-0.12786010803592235,-0.06928994389007136,0.16871706089597677,0.10086071108890526,-0.2956252987908311,0.07032098232352868,0.16713372812218433,-0.3081441814955327,-0.1122848791753333,0.10777057785629093,0.007855345531799125,0.1994987325826816,0.015350297226558597,-0.09590481974180365,-0.007449531092013038,-0.19544824141924033,0.05973385666019383,-0.15403966617812323,0.14846791574937926,0.057778284818191306,0.2099806753704932,0.25359746596610167,0.06781938539102547,-0.1553407733216138
48,LightGBM_r181_BAG_L1,True,0.13686971023785355,-0.010174433524997806,-0.04552666268018979,-0.07510468759978739,0.04081745489387867,-0.05262094723905397,0.145745958396432,0.04759944366991142,-0.026396830274047378,-0.11380755254291453,0.24190416840148066,0.0685619439043037,0.22775712134967208,-0.019168223164020337,0.07080113420120937,-0.18044359461651882,0.038282155978213606,0.035419884409456426,0.03716394851213245,0.07628463805369606,0.2181178749366166,-0.037330237470440286,0.17632819175591463,0.17685517114847982,0.06684898132032113,0.1731462513492419,0.03868935415703567,0.10848018565356721,-0.03997891684243782,-0.1505590342401798,0.17600611236107408,-0.0037306176542613034,0.07665303099846166,0.12064609372256596,0.21317211164037264,0.021906683146407202,0.011939354709578298,0.01550304162370808,0.07950045062474032,-0.03258173885403948,0.07750495451658557,-0.10157675252686804,-0.06111693375184796,0.003622648906403847,-0.12453208217412959,-0.026469654182823377,-0.28988153312517073,-0.19750998132607456,0.0624349460913781,-0.0962486859063355,-0.11332184612183027,True,-0.24263087479388146,-0.07835344087756935,0.08560836275380457,0.020323956702515633,0.12310883064009825,0.07984687863329154,-0.07227703378058087,-0.08280050967032737,0.04003641190403673,0.13976063644201597,0.04701367816973945,-0.1469528906301023,0.08262097347535202,0.055649959969816476,0.30194768289728413,-0.010376034749799201,0.052977151009253154,0.052782709800226035,-0.04638311191056943,0.030721054730168618,0.03374317642740998,-0.14908868707877293,-0.017311506083993233,-0.1481475199918898,0.03843565086570622,0.05949097314588131,0.12682665021511308,-0.12763223238172228,-0.0707655741163839,0.16706691442090504,0.10283174071540624,-0.29840666158862655,0.07120369749129163,0.16516551369834984,-0.3040744168056384,-0.11096617072027781,0.10641208725087392,0.0017216504740289462,0.19686139319676965,0.019971921668146986,-0.10215117586402311,-0.008658634096249562,-0.19892684165799268,0.060668860965141014,-0.1520153301560968,0.14406147953747073,0.06249640820295732,0.2058511577726857,0.2506670160324856,0.06341828050185612,-0.14967042061138772
49,LightGBM_r174_BAG_L1,True,0.1535378063219294,-0.015267806068167022,-0.03314112809687708,-0.09248627570069629,0.05169021648088171,-0.05060178645967839,0.1692835475028841,0.055137638208722195,-0.027913765196702522,-0.12119196504836896,0.24955010848197745,0.059481132817952476,0.23043716459734287,-0.020725135701071512,0.08317783212119109,-0.18269322024367918,0.03892173308800867,0.03554484395022478,0.03619569796065847,0.08152507278108415,0.23172420712436392,-0.047247788359475795,0.18812572145779793,0.2029175804501649,0.06882196914148583,0.1874190088965988,0.04198764400341892,0.10990386346445502,-0.04721931911750282,-0.17958550956500666,0.2269880415828526,-0.006322303123490247,0.08148451147429736,0.1288086843120888,0.22918188754324487,0.015623225079438863,0.00846207100793367,0.01824995682857239,0.10078253274784527,-0.03007510294184096,0.08250372847256163,-0.09116385633658175,-0.07361752043029368,-0.0028157602902704054,-0.1471911021823593,-0.03467884479393214,-0.3096903954117655,-0.19611166808824326,0.06614238681206773,-0.1155740698551631,-0.16156500087100423,True,-0.24104216806806628,-0.06706115510651288,0.09576524059054166,0.028014604053609254,0.11910732710521309,0.07574968311526772,-0.05822756848955907,-0.0780622740346607,0.027249954723125885,0.1390445403738464,0.04141915663874341,-0.14979743968737336,0.08337828396019697,0.05807855958091721,0.3076355183499321,-0.0204411619763998,0.052293867251888955,0.04223427722186827,-0.05879444507024272,0.04238300180074231,0.05549007105869888,-0.14936555986545424,-0.027884000974578216,-0.150082980956988,0.047649699336586186,0.06482088171473269,0.1270506683932434,-0.12336461901371323,-0.07236856612382217,0.1707404343402271,0.11888733408728484,-0.3100439339674303,0.07306452195677286,0.16907513578325203,-0.30868786338323245,-0.10708631964875054,0.1122319208310979,0.004302700352495165,0.20060380106356768,0.019985075550143318,-0.13809003894609695,0.0015560134833176587,-0.19796186112427858,0.06724059016676733,-0.15908158873497502,0.12992314405383168,0.07582352246584041,0.20873040689751354,0.24118835043250667,0.04521983904255241,-0.16173308400576913
50,LightGBM_r184_BAG_L1,True,0.16216539934670224,-0.018483621804210038,-0.02838697561911019,-0.09616805118831984,0.0588111184725828,-0.04945534106121707,0.1804378617780995,0.05904237577278415,-0.026978673190310554,-0.1234931405626889,0.24565089618504654,0.05359868861719108,0.2325677522909102,-0.022039360074142367,0.08897979127440857,-0.19377041715270016,0.04423421741284206,0.035727369502525363,0.03511881306429254,0.08406237488760128,0.23963004142298727,-0.053090108143571735,0.1888811642055956,0.21251516889771083,0.06979510357243879,0.19983554374699808,0.04472057829735809,0.10740714315358876,-0.052499107205449924,-0.19230032018225585,0.25116246041903034,-0.009253394218577404,0.08395391026088894,0.12941505452410085,0.24089068848331507,0.01715682358588133,0.005308902363969414,0.018496681174683727,0.10880663024489923,-0.026899337515855937,0.09017456792290579,-0.08620781916466846,-0.08401387631035889,-0.003968706175173142,-0.15557659632543408,-0.03786078809254309,-0.31634943873951915,-0.19663285354380078,0.06687156950269173,-0.12355393221330446,-0.18251734295850003,True,-0.24313956820572935,-0.0647039172078255,0.09850860873932965,0.022832080884771122,0.13883382320839885,0.07602498004269825,-0.055154710912741545,-0.074853608525662,0.021801334729628752,0.14289236354617857,0.036509379517163904,-0.15947013277893637,0.07765827858928473,0.06126641499150781,0.3111688969796197,-0.012700606728925617,0.057561159537394324,0.04050203101041144,-0.04636413921877448,0.040470497958066814,0.06424956774312918,-0.1486026753202567,-0.029952778549266965,-0.12648229630524205,0.050153444156714064,0.07793545446401762,0.1348138682619197,-0.12064152163806474,-0.06862795565789614,0.17717586390245643,0.11444011654355538,-0.3175322809976071,0.08858017569770382,0.13970008106155046,-0.3155288115895816,-0.11691034427557678,0.11679525264936952,-0.0006662647027120827,0.19047326032772385,0.017381394237588665,-0.16972017021425226,0.004732936317898145,-0.219633617905061,0.06931973061491314,-0.1750998909711974,0.14695743815133797,0.06959563117966922,0.2021339223522511,0.25356444064371625,0.046923048922644636,-0.1603533715918376
51,LightGBM_r5_BAG_L1,True,0.16723122329515988,-0.019358945415996365,-0.024057452709701,-0.10039652356413734,0.06285921094158517,-0.04841071128398183,0.18622359825306392,0.057685775992255606,-0.025729988937125747,-0.12425334255722616,0.24464104503985584,0.049282720264101354,0.23343384262030065,-0.02451883566437789,0.09350207245119482,-0.19319739520562734,0.04502355874334629,0.03540551743430148,0.036035581838045505,0.08491557029407704,0.24233807905506416,-0.055736399946913345,0.19401524059300024,0.21764299592197703,0.06965282425079602,0.205210721342493,0.04579423951823283,0.10853354407310697,-0.054890065095032,-0.1988151626731084,0.2650411194878178,-0.007066708164624763,0.0858688846020236,0.13170163534381135,0.24371579761394105,0.019419728468153846,0.0031324866127273032,0.0184569094313084,0.11184867898945264,-0.030698372654420908,0.0905647728321575,-0.08356722886085549,-0.08752313177705548,-0.00852674566566071,-0.15694243284571036,-0.03955124345191619,-0.32111570257540245,-0.19792972377997295,0.06805698583711843,-0.1286723465007745,-0.1955462999344265,True,-0.24673652028741977,-0.060909141675640474,0.10018061555001051,0.02540039425255137,0.13978424782800783,0.07557583794022182,-0.052002163136712326,-0.07237011238634772,0.017168056417485193,0.14454802506174655,0.03721178265351023,-0.16893125989891092,0.0767735082280903,0.06447512573541399,0.3119983913587936,-0.015493205094607637,0.05636262965809495,0.03802328452623601,-0.04725584707578876,0.04362401884252219,0.06425910408840144,-0.1497763013739412,-0.029054805347903837,-0.1354712269598067,0.05299338865549763,0.08374231481292149,0.13692373256528073,-0.11871846053501442,-0.06818433696902423,0.18554445837069328,0.11842533330673556,-0.3293513791107394,0.09429533018368412,0.14287956613265357,-0.3254206302575356,-0.11988980292597713,0.1215536103521824,0.0012280356479403183,0.19640417770831478,0.01369596860201602,-0.17687234106635344,0.009284178450242965,-0.23318617663393312,0.06916443287537916,-0.17512845107201347,0.14908038243028116,0.07133083674624639,0.20376554542858683,0.2631474347263856,0.047374571710229,-0.16747818022116445
52,LightGBM_r121_BAG_L1,True,0.14124255199879512,-0.005963193907488679,-0.042905840923277636,-0.08214259183932011,0.025367504482984835,-0.06033509749672986,0.15467281324141086,0.05083150376886342,-0.036391318123941675,-0.12039612395262053,0.2309481736871565,0.08498929137269974,0.22363644348741202,-0.024938522670841175,0.06625433069719024,-0.20679603870127794,0.04727132926985883,0.04430182913461065,0.02629435865612372,0.06791844613509035,0.21215250830058102,-0.052423107766733375,0.14772202078239868,0.16929994931578488,0.06685475504995654,0.17527922764674822,0.0410919440177153,0.10315520396700077,-0.023732790791036195,-0.1494492527029812,0.1466790911086267,0.0024906650064147203,0.07051130185970726,0.11162659898181883,0.22259134169711056,0.01652584810509544,0.0243311614873159,0.009621650083047812,0.07661414260614018,0.017467703857628473,0.10255889266909282,-0.11348646286664871,-0.07169764448899253,-0.031177692010621268,-0.11919364197680427,-0.011260735087102828,-0.2833648304302572,-0.1757418710987766,0.07460539394783197,-0.08327368115465959,-0.08887455297640967,True,-0.2380029419335758,-0.06227931881471162,0.09930665151928164,0.041971467892528015,0.15132978770507183,0.06569531337926576,-0.08341118777985433,-0.08068901707756854,0.00779449136621626,0.1553435256258938,0.07608307904212418,-0.16045086307261947,0.10359423433119862,0.061178714309636575,0.29500401825955797,-0.014942935335118685,0.056820247019098234,0.02713054010524832,-0.02410626221793234,0.01926350162061847,0.07504284989814172,-0.1566468225326801,-0.02143827358534088,-0.12343509773147013,0.05044696069335617,0.08470106144808538,0.13396535654115643,-0.13531883945377565,-0.06572113978423982,0.17796347478250696,0.11818213739689305,-0.29117375728107214,0.06845560572668503,0.13317780544431684,-0.31439877209590417,-0.10628692029394947,0.11480536207314158,-0.0006428759378331593,0.17896181891639973,0.02183688729866808,-0.1858368729636411,0.009701644354910506,-0.2294197215931448,0.06441347039366903,-0.21411645210741312,0.15818674745692615,0.053752646522610394,0.20948943198109016,0.24853777012057587,0.05796079608710012,-0.1454943464651874
53,LightGBM_r65_BAG_L1,True,0.13841001886427742,-0.0045646912994531524,-0.04436580620332251,-0.0849463990451852,0.023775943077064574,-0.062418799651150755,0.15079687643341594,0.06788992364056433,-0.03629661864048499,-0.11885158346386994,0.2330460423536925,0.08065091695371845,0.2257836062667905,-0.026441040931363013,0.06575345852050243,-0.19896254714999806,0.04481974306466972,0.04364116450970639,0.03050783895781252,0.06854080905242647,0.2081402688222621,-0.049060472774982156,0.1517217968313971,0.16760007514435984,0.06484751455427328,0.17066263666391238,0.03800136229804089,0.10810275992080973,-0.02190957416288811,-0.1475818154795239,0.1468348548194356,-0.0006606311547786692,0.07023983190959689,0.11299521514805944,0.2159833064552452,0.01550497978953489,0.026312474768672645,0.010277408485195719,0.07171858047767522,0.01590392214037945,0.09388640374020998,-0.11306360711761287,-0.06628392502276576,-0.028532293038139176,-0.12038082026028697,-0.014217983743784053,-0.28004615755006856,-0.17568059753855053,0.07628564044490545,-0.08377660607402967,-0.08742860436454038,True,-0.24259527945183296,-0.06240038618229902,0.10037780140005366,0.04665368473792254,0.15504884452519732,0.0678796354614585,-0.08408015231907329,-0.07671434201271499,0.0058632179990724944,0.15657390717189415,0.07780831438906069,-0.16611984805750393,0.10610648752295121,0.06501651608206722,0.29580568659983536,-0.015578751094641536,0.05639168648730648,0.026393699760794746,-0.02250548928255606,0.02016067501899736,0.07647528487034097,-0.15949495114866152,-0.018661205194591215,-0.12564101729680255,0.0511855062575385,0.08925128166819839,0.13515031350653287,-0.1347648548388839,-0.06305146802976228,0.18402321597004692,0.11969919808757862,-0.2970432165223399,0.07040247420015926,0.1350294243252711,-0.3216645442395644,-0.1075014037050654,0.11513335078867284,-0.00011326049768135072,0.18408316116794843,0.01625858023237224,-0.19433946914162964,0.017035690523365815,-0.2432145518930884,0.06536461288629196,-0.21837312837069944,0.16203663098259183,0.05149549391314458,0.21014585829619903,0.25548860025495546,0.06019954195494277,-0.15313590525295956
54,LightGBM_r83_BAG_L1,True,0.14921957674093578,-0.005416015856045298,-0.03453759948739831,-0.09578833500012889,0.022196296206038312,-0.06399183681125258,0.16346675572984426,0.08542992013300597,-0.040399124491712304,-0.12985556238858656,0.24104818596821653,0.08063369087027887,0.22482246220851473,-0.026366826972613493,0.06770235886153673,-0.18945232535917655,0.03679993009031478,0.046091306446980486,0.02824245043950419,0.06708273518864877,0.21605254026513593,-0.05209047548202656,0.14806989514892085,0.1781897290385699,0.06392775091955052,0.176098284082659,0.0393887845094811,0.1088433598758236,-0.019081599122655647,-0.16116025127164202,0.1664083989326654,-0.004748252334865287,0.07072360974838778,0.11465103507461388,0.2179590917491319,0.0037655183478104916,0.03010334261404521,0.011660914714492146,0.08759950674735939,0.024871008162781948,0.09864617958361127,-0.11640950692540135,-0.06475281901593499,-0.040392329307544966,-0.14001509756829944,-0.019015453736056016,-0.292061895705246,-0.15542965502279155,0.08327842490952682,-0.09026219489471884,-0.10480616453381418,True,-0.23944257842845554,-0.061971274402356585,0.10715338858465076,0.04583942795263542,0.15621572143422968,0.06725964291789968,-0.08042592735859604,-0.07387075172689714,0.00306824910675301,0.15366205083808618,0.08678645393350007,-0.16703346591861679,0.10831293737319,0.06605328919663857,0.29498437951262124,-0.018446386260257585,0.05977258915762719,0.02453105877506812,-0.028926331113285537,0.018730811416338495,0.08422628596250512,-0.1598008034722712,-0.016088877052251795,-0.13997875728703837,0.05433762485430347,0.09453758265930176,0.1298435165422594,-0.13180399561789582,-0.06082370980216623,0.1862383735630133,0.1267372906801711,-0.3019884023747668,0.06856347992826775,0.13827344052857007,-0.31912983863607813,-0.11562004221739143,0.11730227285163973,0.0008216572653739695,0.18953884377020386,0.018099392804307834,-0.20050691814842295,0.020713386333349983,-0.24916329068495574,0.06703790529748826,-0.22432262412194126,0.1590789112420444,0.05341698027745483,0.2095843942714166,0.25509454728797687,0.055697473122131025,-0.16159468859548798
55,LightGBM_r112_BAG_L1,True,0.16161980208541807,-0.0055663134987408835,-0.02392482437811567,-0.10303386922058287,0.019392543885543113,-0.06389880464069396,0.17464195803667115,0.09165419653935705,-0.04216464386976594,-0.14063122293005972,0.2476332773368394,0.08446478396034914,0.2267746860646712,-0.018103535649668264,0.07239121046675741,-0.1923007239310355,0.028239331696247677,0.04832548628561082,0.02829893375805289,0.0646966726274171,0.22336547508530122,-0.059611985332364434,0.14144160719411994,0.18543320701512994,0.05650825971930268,0.18961567271539467,0.0426049869629739,0.10668517182930441,-0.01588912020062272,-0.175398030006781,0.17986575159619086,-0.003708283197631133,0.07158679959126976,0.11491423841077246,0.22449345906667859,-0.010896133499368498,0.02912572689413766,0.01183914615673393,0.09936479391400911,0.02356969317732006,0.0986263574217586,-0.1256949647111976,-0.06314497556916907,-0.04068478281880929,-0.15404212321941518,-0.021232339537130746,-0.30345580619670615,-0.10561017097814158,0.08611464014059869,-0.08983163752920335,-0.12211970416008926,True,-0.2226334891076341,-0.07756352729840255,0.12453496904790079,0.03810418894795768,0.1532807667058468,0.08135725869878466,-0.09756366576674566,-0.06683258777869555,0.01585235865151753,0.1340059474089549,0.07907346060157674,-0.14852120933578944,0.11278366467103862,0.07280085996857452,0.3055371425794671,-0.030103082133076893,0.08590429616189943,0.02929930698984844,-0.06757460899852967,0.018555971206532167,0.1110069050097988,-0.15174918560261438,-0.025866337675626298,-0.1374493338598926,0.05851915930182001,0.11483957441125152,0.10263242440453008,-0.12665042217608227,-0.05117148585392782,0.17527287174035786,0.11236952424039832,-0.2946757227141488,0.045683437174545996,0.14401900225651088,-0.2655750494088691,-0.1538594404638541,0.11028814216414833,-0.005093485399299874,0.1967636649817518,0.02436509765253892,-0.2047630242782097,0.03347521794586541,-0.25373635700906966,0.07563336965889447,-0.22609305161886908,0.1461012855498645,0.08723684857930804,0.21286503216017372,0.24164225750494517,0.037650622993627814,-0.18882604084033422
56,LightGBM_r176_BAG_L1,True,0.17217228682504293,-0.005299333870150912,-0.015992438263101552,-0.11336857255916859,0.017744687037536244,-0.0669956461842922,0.18622450290865172,0.11125336301316473,-0.042133317259512304,-0.15016251058815297,0.25237548516340547,0.08379806483012661,0.22845316320952525,-0.018808046350198213,0.07644321382287539,-0.18479731485254705,0.02388398869764125,0.049658556558337244,0.028645762242817164,0.061596764760717855,0.23228488543864248,-0.06292962674176254,0.13904592557160142,0.17964053118997303,0.05357824790861711,0.19459330676149553,0.044872505914475155,0.10854022468025804,-0.014520206696788296,-0.18704690840033758,0.19628905713300535,-0.0070228682744045414,0.0744632980853439,0.1184287252204418,0.2234020791815455,-0.020337232236888762,0.03021653511444718,0.012723939548256525,0.11243713791913099,0.029103824898731815,0.10335762700896416,-0.1301602480880599,-0.06082490916643835,-0.050824739555370486,-0.16964385572372917,-0.022147529099947934,-0.3148037975617256,-0.08558894700679111,0.0944032218976116,-0.09458607134130645,-0.1366096940098917,True,-0.21943427750776887,-0.0775362591053771,0.12705337351582807,0.04041506717771579,0.1522605528786177,0.08113007787823505,-0.09722312103596556,-0.06383507682194697,0.014251046319330518,0.1308388990723089,0.08387016857387623,-0.14840402115846044,0.11378239214275773,0.07348453220391822,0.3061204972060315,-0.031407377736508285,0.08879135274840856,0.029340709386898395,-0.07152299512813214,0.015160445833127537,0.11931461132341586,-0.1536406196544974,-0.023333028548819263,-0.14623625610930832,0.059671628240521475,0.12368612682147871,0.09845051404802771,-0.12595593882265982,-0.0489292303418098,0.17711141926917995,0.11805245936587024,-0.30120399340901666,0.04441167098699808,0.14898018309239688,-0.26734952592501365,-0.16055586587979942,0.11127555822631256,-0.0047252199623456816,0.20447685086870332,0.021453728635164707,-0.21303758329546055,0.039456243572598144,-0.26403998994993794,0.07483023452543801,-0.2313979032403836,0.146097472274554,0.08971168652137802,0.2129454707241126,0.24644916802643535,0.035038640754452205,-0.1919517889083324
57,LightGBM_r13_BAG_L1,True,0.18269293516203017,0.001892196010041362,-0.002351054265023838,-0.11611673947495942,0.014052117344848304,-0.05200806095401807,0.1854427131531738,0.1325552944337852,-0.05300096182654985,-0.1674061832121108,0.24827814206604454,0.08403011747089258,0.23257370698275082,-0.007286604155503416,0.07741238442611303,-0.1855790158316587,0.017952404132797528,0.05182335192522148,0.025721399945658228,0.0595183927825462,0.24368899458090829,-0.06992327738034618,0.14138039078917114,0.15513713169824547,0.04195389751746919,0.20226510300620576,0.04830765919268928,0.10685761787366248,-0.024926541500823525,-0.20257368348126178,0.2003072830438254,0.0008255106492867348,0.08093184864404199,0.12314483504283526,0.22023594344045686,-0.038656949217820084,0.02644065191663716,0.007112759144234474,0.12043961041194057,0.017087830793820372,0.09923773946868865,-0.1437893034446205,-0.046023869540687996,-0.060175268804412034,-0.1629951156797516,-0.019591774557156622,-0.3316323700633114,-0.009812928334806705,0.10313248726179892,-0.08766539592979049,-0.14344808617474364,True,-0.21633355385020758,-0.0742045586566809,0.14355355366812494,0.05715463491892232,0.16074445038291063,0.08350819561233083,-0.09678762374601613,-0.06364422809708005,0.008731685874370608,0.12561778700412762,0.0794145111824548,-0.14654721268665283,0.11543634555279343,0.08032250189837627,0.30080520754262496,-0.04763558082096951,0.10516208766444891,0.0411238429573448,-0.08323430443427282,0.010312150244480352,0.12344790993944396,-0.1548614466274663,-0.015813167200880215,-0.14038688723111103,0.05989804092480595,0.14148214760051242,0.07655587458215235,-0.13655852137937924,-0.046228500037542655,0.17970715549057611,0.11011117730868238,-0.30259957192491366,0.03928737939340609,0.16712765051740028,-0.2441309274160067,-0.15308639270460261,0.09727513287356422,-0.008131000952353177,0.19904611093940222,0.019931709069677245,-0.2134387420593691,0.048397470869318705,-0.29067264849771485,0.07873781313160463,-0.23885330158432744,0.15038719145348967,0.09266684993362,0.23235725395046755,0.24874797434126195,0.02969149840965081,-0.23093113100888654
58,LightGBM_r2_BAG_L1,True,0.19203466621798435,0.001777560314338704,0.004494898141291595,-0.12357365882345009,0.01576716909607601,-0.05342912592507988,0.19748785457690582,0.13480487083276502,-0.05141905167091642,-0.1770253661771102,0.25572239006259917,0.0733646668615886,0.23703748811365608,-0.009245871689742674,0.07900433179534479,-0.18885777884527205,0.01855616749172427,0.053547234923688784,0.026994907180561963,0.061160544186617836,0.24929245316773144,-0.07252421194453035,0.14399698125117505,0.1518483025506045,0.039909953622823624,0.19370694336773234,0.05219043269669016,0.10883617385338562,-0.027120475953796998,-0.21366779839068428,0.21989359134293085,0.0013178577674740387,0.08716746918523717,0.12729858827253512,0.22246061495352665,-0.04521916192774016,0.026431769252668734,0.007619356331305464,0.1199557658222379,0.021455647222277167,0.10369936699670194,-0.1402238537517799,-0.043961649183098486,-0.08209579324486298,-0.16412978102076364,-0.018962677391429893,-0.3383894202939124,-0.0035374933207201246,0.114225861432168,-0.09155456011532728,-0.15183118332411433,True,-0.21582802849009067,-0.07504287808176309,0.1453103405137702,0.0605132943203251,0.16499527338503828,0.0844754536433026,-0.09545155483373634,-0.062734633617343,0.008601198237570308,0.12284854266888685,0.08030944100801445,-0.14823595694735053,0.11444472629219546,0.07785806154618351,0.3003095834109919,-0.04633556794232452,0.10833117980045036,0.040267070472469045,-0.08145728623844359,0.007989675267671323,0.12714686668725014,-0.15606175240106798,-0.013784579645521261,-0.1468354232159776,0.06111257273347299,0.14694856643255158,0.07789854211266525,-0.13444452203677348,-0.04654725485716097,0.18125593691577693,0.11380323962770675,-0.30795397043089856,0.043586645875947405,0.16652455784339149,-0.24601197448467774,-0.1539482410449806,0.09746228544097778,-0.008450101721356105,0.19894394049869563,0.01982273362101381,-0.2213669191344651,0.050187199648353144,-0.2972526338668811,0.07602784210569545,-0.23809990056129424,0.15134157517678484,0.09141527951663282,0.23007613251124256,0.2519268649423246,0.03314672389905593,-0.23507629783775352
59,LightGBM_r29_BAG_L1,True,0.17226226257501442,0.003504602413785687,-0.010071250398201826,-0.12028512307094542,-0.01094285156376964,-0.059458856963967154,0.17886298595652822,0.12703998513274983,-0.05003947439483688,-0.1570048248854637,0.2428748417462349,0.08000905519301277,0.23630741625977253,-0.00328264232484264,0.08496530107867871,-0.17321714092723411,0.027556382228980002,0.05258755610429823,0.024777674475427433,0.047440425999820304,0.2402113576544088,-0.0863426548717113,0.1302822743370094,0.18864281114537662,0.049029709831670765,0.18366668501016215,0.045363811889268614,0.11691913532015373,0.011962077672323762,-0.19965391891450462,0.18134121211784496,8.089568104387536e-05,0.07501318000967898,0.11846779184365078,0.21080952691828808,-0.025292181398024065,0.02838700742490008,0.006585592980512368,0.14712882249324644,0.02733698080909686,0.07887317411518115,-0.1469648229261748,-0.05551716831525711,0.009950050847126198,-0.15547904231040385,-0.017348106559390137,-0.34479522029725573,-0.03566108296199883,0.09600177731950438,-0.09025954702116304,-0.15046412526464942,True,-0.21647948475994505,-0.0712425848234695,0.15131834882267867,0.06074560007574542,0.1676526907532291,0.08219800667083439,-0.09214323259204253,-0.06353297977539818,0.004433335981314333,0.1211176318452801,0.08348854682564041,-0.152767466263245,0.114702095149758,0.07966248060625436,0.29381368355295595,-0.048189322033100036,0.11145410360900362,0.04212699726889143,-0.07848918721173995,0.0038795175040438933,0.1351399014987397,-0.16226233937212559,-0.00433131790481896,-0.15716549671395993,0.060921007896882914,0.15237036237450355,0.0777694186761869,-0.1339923487581578,-0.04437011911741918,0.18428927380390273,0.11749035596378152,-0.3151657416257297,0.043463967855900155,0.17381704355282127,-0.25009559920988894,-0.15152847325581306,0.09876034224625117,-0.007004354953810446,0.19825939554817823,0.017687952664305638,-0.23076672250950234,0.05442040058713511,-0.30928181989904424,0.076934960444439,-0.2373498924821989,0.1514110051350761,0.08787511410018016,0.22995804446052642,0.2566967056506336,0.041481270070967746,-0.2427896850207061
60,LightGBM_r41_BAG_L1,True,0.17782792046376714,0.0025598848921906804,-0.0049885538963678824,-0.12820276173927822,-0.016320324091907257,-0.058377754949497394,0.18522137482259243,0.12985555072240293,-0.04955042801122482,-0.16075535676052963,0.2458254559749201,0.07177667099863634,0.24155815556103047,-0.0011652999123095966,0.09014335811329058,-0.17590997241800266,0.02844434788864458,0.051991982245505275,0.027105786823455665,0.04885936594460671,0.2448701977157782,-0.09121699607175468,0.13446513397748883,0.19151926376103834,0.046332999326375496,0.18480058359527304,0.04746267111990602,0.11878500616192493,0.013385624046949198,-0.20826832941566675,0.19556262516583736,0.0006167904927004218,0.07808999581903799,0.12295783837529604,0.21292809841656382,-0.029366057908725336,0.02537227958832683,0.0076256069896378535,0.15177929834505063,0.025957112505062056,0.07630578139551719,-0.145638915463345,-0.055154957255166184,0.010195165800295712,-0.16005793603606835,-0.01784246307788081,-0.35269794821939504,-0.025017176071163667,0.10088726361838694,-0.09383211903103916,-0.16205168184915095,True,-0.21259307825625756,-0.0661167257704853,0.14016069739734735,0.07064969281862833,0.17110799074612298,0.07795473831435432,-0.11901645226420789,-0.06508896599357578,-0.0020967494877138326,0.10960545629452254,0.07941421920890256,-0.14662211341953596,0.10750114683072269,0.08034765484652573,0.2980618644750581,-0.054546328595401886,0.1049924414027836,0.04548547843992567,-0.0719235503626853,0.0015211474184984373,0.13162235369242745,-0.16098346842579372,-0.009290080666109417,-0.15152436087339263,0.05513375142916803,0.14102058948128032,0.09106402301941037,-0.14136850150276312,-0.04882444098070469,0.17687323062765223,0.10847091320322018,-0.3056147010114244,0.05267506363726025,0.1700482498562082,-0.24658199146644955,-0.12232789306787105,0.11740899890502694,-0.0119826629658072,0.1833338950196868,0.01612158793771911,-0.22764806984373284,0.054321713782563175,-0.29093180402197427,0.07538884956827328,-0.2462899907589307,0.15265630649855222,0.08245549892378903,0.2292947671491294,0.24425728298665791,0.037107262718336274,-0.21853606094944075
61,LightGBM_r24_BAG_L1,True,0.182350088800582,0.0007490323287541085,-0.005139564855799037,-0.13228454991501667,-0.019394708942077832,-0.05511939554871175,0.18933882419971415,0.13116999240226196,-0.05442480932333375,-0.161251412489081,0.23644596667666185,0.07283754299569535,0.24283461653743885,0.00405977998112324,0.09242204921670027,-0.1855875983793246,0.03187095248144358,0.05244795013838314,0.027661123093335425,0.05473742122910481,0.2442035119305047,-0.09541922424661867,0.1353268158460563,0.1993055383451178,0.045786492616612016,0.1867110749363179,0.04810621639412759,0.117046624348644,0.008503206085963284,-0.2130419281645561,0.18571006511829183,0.0027519261826318394,0.07575167081669272,0.12623139629235555,0.21881577468580787,-0.025892987129905988,0.029097910129847127,0.006548741552968562,0.1496398548792042,0.03490528142840329,0.07771955852911117,-0.1474113667033289,-0.06193617203206572,-0.0023330463922146593,-0.16634121863123852,-0.015018694572728874,-0.3510567027341913,-0.021627211642316704,0.10366554695604133,-0.09357246942958172,-0.16247322896931846,True,-0.21607872093169692,-0.061591660753488466,0.14737052184744032,0.08645449888456087,0.1856288964149158,0.07799706599872507,-0.13186833935255607,-0.06164115381498111,-0.012927668360420027,0.11197497253250163,0.09244904539730432,-0.1522373818247477,0.10664926227873997,0.08385511448432945,0.2879822823270987,-0.05693098887402808,0.11188585360272019,0.0469517842231238,-0.07487506690479198,7.795776186558117e-05,0.13405850484939938,-0.16413893088784692,0.020452052479106066,-0.1735369215259232,0.056218894014060244,0.15055196386283992,0.09465763243826274,-0.1430766959730646,-0.04505749935510741,0.1844438354133359,0.10426035628118176,-0.3055640722125092,0.050368874375863217,0.17140167176274354,-0.2505843792165711,-0.12172149140358673,0.1161285525165171,-0.010144441348214756,0.18266452876134473,0.010101917959832993,-0.24161610226069077,0.06330788501248041,-0.32566832394053796,0.07190939257971692,-0.24437481011619205,0.1726407757596798,0.06768961462423506,0.23365804151468006,0.2574796838542647,0.03692623755993198,-0.2289230244379069
62,LightGBM_r138_BAG_L1,True,0.179716125298023,-0.0013037281771897551,-0.007641235884628923,-0.13466645168835478,-0.021641805142863364,-0.05919486227525626,0.19762572542469584,0.09903389475863568,-0.05964098485149645,-0.16622028717264292,0.22100145134458393,0.07410655833512957,0.23320101882692057,0.017653408709640446,0.08315722835186996,-0.20729131213917312,0.04599788417155491,0.05503280121807543,0.009923528978319102,0.044708164921882274,0.24207317094450703,-0.12326145405103939,0.12210263764906337,0.21753919811773345,0.05163451282437424,0.1826576813773629,0.04271666796116747,0.11910469762416703,0.030905783979159853,-0.22393688952224647,0.19212944241305244,0.0310141245524293,0.06874694409204839,0.12095017699319695,0.23400211261730547,0.0049115847439273426,0.039182000490470735,0.0016674317602726962,0.164721762037525,0.04640885143901719,0.07684985072593527,-0.1606010046023647,-0.06827390086526393,-0.00844224733852223,-0.13807462589297942,-0.007397775719671254,-0.35568605643026063,-0.01886299946810756,0.08775126401203014,-0.08583195496965339,-0.15609764304166884,True,-0.2059891311051867,-0.06474899351234956,0.14054698777739896,0.07873395998150727,0.18240822663538778,0.07166317039629613,-0.16330379098338343,-0.07266297813945716,-0.002379321514482211,0.11412498333159397,0.07783178645352114,-0.14593779244941515,0.09029584743842343,0.08178697971413527,0.30245288692133443,-0.05782319131572723,0.10076369698322818,0.042094008727560646,-0.07039939360210808,0.007799736669074573,0.14390574641067325,-0.16164064819521376,0.010800115494210416,-0.1381931411475751,0.05104273896933454,0.13737785289220109,0.08942013701086231,-0.14677582994302898,-0.04621704724766293,0.1740606872505883,0.10112519936374412,-0.2857286014644072,0.032483139367878916,0.16659269697199286,-0.23759771165316895,-0.11844670553044594,0.12656414451867792,-0.011492818199158202,0.17070811892215157,0.013993365187703112,-0.2409991143642206,0.05152283257516454,-0.3020698084224533,0.05872311183977603,-0.21590402496655547,0.16483755780916706,0.0844712852293962,0.23247407457527836,0.2455012177061001,0.05102796124598063,-0.21848631692311019
63,LightGBM_r175_BAG_L1,True,0.18979782598274025,-0.0037291698145677987,0.003020715016371486,-0.1327466738691564,-0.05011334417538864,-0.07381176321862189,0.2208031154772601,0.13470442769122226,-0.08055513079457041,-0.17006246883908935,0.2035598924140313,0.06606779724416019,0.2389132335577301,-0.01143970840576963,0.0878505610918681,-0.19914921554496845,0.04944482935853381,0.05915862335462236,0.012231352344508022,0.04822168330574191,0.25791719903525234,-0.11616059180028022,0.09565907832857179,0.20005359520464797,0.05765237045631764,0.1599195512449892,0.051434001136734735,0.11684801894095084,0.03254998991871567,-0.2216321884519136,0.16963732414843913,0.02859961890379684,0.08203111524284304,0.14028080966086323,0.24662078398095116,0.06233133568277225,0.026535251751979398,-0.004752609348050357,0.18530546212949855,0.05464663417279261,0.08328087050757985,-0.18365875230798595,-0.07533731816239231,-0.029632942814145538,-0.12009460327780655,-0.018553806336912376,-0.3480899318941507,-0.025967844978014753,0.09383121095302109,-0.09580443332175465,-0.18947673085276023,True,-0.2067244803410353,-0.06523696781445394,0.14107086510140485,0.08113674541861726,0.1832290545007803,0.07247959105884963,-0.1646603548545795,-0.07268650158727213,-0.001515742036088873,0.11141750117517402,0.0758479727317578,-0.14798712166641304,0.0897270176601627,0.08397205638992038,0.30271604851786976,-0.057625580801373866,0.10228291097538995,0.04373372210203692,-0.07255175247862933,0.009087334095167066,0.15064900184999658,-0.16238134264900198,0.013341138679657815,-0.13961746237857614,0.05237518422252481,0.14064001325927544,0.0883538174183279,-0.14741858819596082,-0.04489962923530533,0.1745279987510156,0.10301529008567586,-0.28974661410067726,0.0325347384703256,0.16666455313525666,-0.23973466506546218,-0.12117792764039075,0.12653846764103563,-0.011097441303317362,0.17176496245149137,0.011441303243562968,-0.2448268894511323,0.05400670252535097,-0.30906576448794854,0.059000871461815,-0.2167322206099444,0.16801269658713455,0.08529406575825983,0.2334545684676551,0.24784587838775538,0.05140693925243719,-0.22174700449325174
64,XGBoost_r160_BAG_L1,True,0.19516274476428583,-0.004290225497056324,0.0064221684337539865,-0.13639280455834157,-0.05067056563875021,-0.07358552443579074,0.2252393563473707,0.13694164131768416,-0.08135709406618581,-0.17301406362669683,0.20248095105951874,0.06041904226088647,0.2405109771340612,-0.012082128615624743,0.090956206684114,-0.2009179140032647,0.05099800116243414,0.05942587635052092,0.013800600414341887,0.04742209902863244,0.26164068136156554,-0.12072570015728674,0.09601433152382531,0.2040629243191537,0.05690293472900414,0.161353210471626,0.05275391166899072,0.11792074050968097,0.03479166869087827,-0.2274621950642813,0.1739514471159115,0.030143785156009496,0.08268937159779544,0.1421299724144782,0.24805336203013353,0.06337346773515387,0.02721085435379238,-0.005191498894288447,0.19028750908154055,0.05434377786921508,0.08345379605992764,-0.18523906258301126,-0.07693308914733024,-0.031970047524714724,-0.12149932950810523,-0.017669881451299736,-0.35348446889530233,-0.02223799651704937,0.09571055875611538,-0.09804817469393817,-0.19539543163064363,True,-0.21396279550502112,-0.038392199381814214,0.13591647568144816,0.06888925021398862,0.20035254112652026,0.07348655451691759,-0.1692906913406379,-0.08764799518589322,-0.014729594965647819,0.1188277323773181,0.046352984297338695,-0.15116468344344564,0.09299778212770617,0.11850816254626821,0.33321772952742146,-0.07669285228061896,0.11665960786367509,0.038844147655055325,-0.0559823169001881,-0.0017283620374826166,0.16914465112259988,-0.15415138385589103,0.02659748747221283,-0.1453894599363834,0.03707498960288211,0.15428105888875654,0.0931560411569729,-0.15854855191390965,-0.03094840750941689,0.19407400273819267,0.05251792751050996,-0.32108128476417686,0.02843104510733501,0.16054431193623359,-0.23276862642410168,-0.151533381258843,0.11929573848843429,0.00729846899267634,0.19510904251985084,-0.017538126462490165,-0.23384420501051975,0.11775218619795266,-0.3082116896934626,0.10709679558969618,-0.20299954689494334,0.13880657448535705,0.06861171211602182,0.21989526685624858,0.2268369043985924,0.06835277008929422,-0.2498259540618176
65,LightGBM_r90_BAG_L1,True,0.19759379568539434,-0.004723581851790213,0.006218886063143229,-0.1382953740630402,-0.05128426117079557,-0.0736849074143131,0.22719502058080981,0.13654569563285554,-0.07851250464729814,-0.17433228580374932,0.2033258066577474,0.05818885282309849,0.24155925774300116,-0.009463630682189911,0.09174855835675715,-0.19990182810960141,0.05076661771091057,0.0593916358634308,0.013230538200651822,0.046772849356387695,0.2632279803197439,-0.1221779314207225,0.09704684223471756,0.2059109675029879,0.056959157243407145,0.16681703875211004,0.05287443579783838,0.11787946036912716,0.03458848741126857,-0.23014840042783455,0.17654231040182725,0.030601755306505267,0.0818267574990015,0.14053712208346855,0.24671194702847873,0.06162947113920855,0.027425402702216335,-0.004807879574368845,0.19215927612829267,0.054914657100080706,0.08259136807180306,-0.18359494425602568,-0.0769632307441779,-0.031595012141858766,-0.12867559526044953,-0.01687293584232195,-0.35512252330690647,-0.021562562095727447,0.0961848038419493,-0.09918014410109921,-0.19626974770723823,True,-0.2191659279419916,-0.03870507087760614,0.14199088216762476,0.08736320200577567,0.20409876889129405,0.08278789898163662,-0.1548857093965499,-0.08987505128753674,-0.01918641795432529,0.10964441809936011,0.04293240346274782,-0.14580235535017116,0.0962487274802319,0.10878299423731276,0.31573255964826397,-0.07012108358450782,0.09966840580853698,0.04786887445476168,-0.08400870055290982,0.011961088096842886,0.15664489243863644,-0.1562435577284928,0.009813605033880778,-0.13479071300028947,0.02457142383946588,0.16094833052602953,0.0686878174455938,-0.1629599222796694,-0.026230836759300775,0.1982731184123436,0.06177355363739484,-0.3107212788818039,0.03054945611762339,0.15446432115417053,-0.22889216715124167,-0.16011040216616626,0.1233728252589555,0.0014680457192120513,0.19790843509734146,-0.0055846649792178765,-0.19652190634045977,0.11156091058039196,-0.31727513777888267,0.1168428447410576,-0.2288426972290168,0.12490538701892237,0.08573718479188645,0.22681084498941367,0.2313534854760553,0.057491739227790765,-0.23410399628470335
66,KNeighbors_r26_BAG_L1,True,0.14698721979551146,-0.03342220444079404,-0.07668087826270956,-0.07884789360050198,-0.10100646603195838,-0.06987376944138209,0.26448658252105234,0.06959694617426243,-0.10330172501288747,-0.1317317303390698,0.13601175151140105,0.1105832904099106,0.283333023962385,-0.0785733849194748,-0.0707932749451304,-0.2816275485939888,0.09284380596437004,0.03418198030096096,0.021285887904349668,0.08534445888610588,0.2920184021682361,-0.1662587866929042,0.0714890250943055,0.18380768307922912,0.04929115254129505,0.37713858189494553,0.043437144020835906,0.19388658764394076,0.09122329461888412,-0.24776906963735965,0.15956089332644197,0.007305113336971761,0.06884749185390988,0.14299590073423585,0.28858389352572245,0.08192520671171954,0.040190170230597524,0.015067262837277724,0.146228014212331,0.05040956119554296,-0.055911797358753595,-0.1995823039710639,-0.11184403810223595,-0.06158798188047408,-0.2533306793283285,0.007908511401782456,-0.2273762318551582,0.06098694692250363,0.031157839353546286,-0.016267763812220615,-0.25029371681194423,True,-0.22827989470422616,-0.030905978115598816,0.13987099133712674,0.0713408390923408,0.20447354141736174,0.07270089497412587,-0.15117811185325483,-0.08817764848345155,-0.022466858207693195,0.11841538951945528,0.0399839012305082,-0.13752584027968823,0.08363920215477058,0.1056488586751983,0.3046849767041529,-0.056903435499565815,0.09944932013456095,0.04770493213678756,-0.08435212140167103,0.008799133602583921,0.19501100810842437,-0.1450515304227369,0.01855205256329062,-0.12988210214261586,0.025617837572675693,0.15235665316287353,0.05489984751575985,-0.1591977146155181,-0.026344635508744236,0.1807862135262316,0.05203413098332056,-0.3064529745950221,0.01627139872606755,0.1544154053230664,-0.2353155368718859,-0.1644680173193501,0.11118668532052611,0.005125033912086553,0.20383319633408456,0.013041490624851668,-0.18504292797527624,0.0980964891598772,-0.2896059437377939,0.11221863163823848,-0.22306320178844846,0.11549608458822411,0.07649253026280817,0.22989345427149233,0.22868131547685147,0.056743186656656536,-0.2187113732828612
67,LightGBM_r116_BAG_L1,True,0.15111625489291028,-0.034309976183321406,-0.074170444569083,-0.08210843631380577,-0.10352671256993212,-0.06906353808738187,0.2696550964689217,0.07031577207029253,-0.10255797758311144,-0.13243713451711006,0.1350712187147343,0.10529027659573392,0.28495525474727396,-0.08067456477488619,-0.07006250189823114,-0.28373042194568615,0.09412528789173559,0.03434864012901702,0.022637327869826203,0.08515398867477496,0.2961076793144121,-0.16987864324688684,0.07185934172268048,0.18626827712708952,0.04799216149580228,0.38122277509311303,0.04413022126982919,0.19649706698164024,0.09373368727140764,-0.2519787799436346,0.16392905178109,0.008611302918109642,0.06987388326389021,0.1447935567931739,0.2910058603860544,0.08210675994369172,0.03931903982193574,0.014962131803349866,0.14964596113661838,0.05015170603463608,-0.05688045555493582,-0.19974916321724434,-0.11360448575359672,-0.0635419302927437,-0.2577715268693555,0.009039191479124015,-0.22957663674518972,0.06460444954911622,0.032135040018953474,-0.018445264585456544,-0.2580724583782741,True,-0.25138658097647476,-0.0352138703471932,0.15356361065934224,0.04510470600381953,0.2231928860475208,0.07882090561149424,-0.1442882259577644,-0.08021278554949074,-0.011531911369402077,0.121430892015892,0.008459459727492808,-0.14007201661608254,0.08467736078045404,0.11933086790325981,0.331123623881422,-0.07014801995355278,0.10124136232039005,0.046607409640187614,-0.04666714079953632,-0.02141045077222402,0.18013351772854608,-0.13786141247394582,0.008370369992211404,-0.133140897890641,0.022178247258109882,0.15985511948746617,0.06815041211169093,-0.11932036426103117,-0.007444753311088972,0.16289281481152887,0.03314138941111024,-0.28742396865438274,0.03357535065978031,0.14780152115624393,-0.2108564861037868,-0.13704371004091698,0.1067499134378709,0.0001180387447035116,0.20296767582648598,-0.008348785239889203,-0.2079346645341166,0.10209009192152556,-0.29081792154633695,0.11580210942413781,-0.22610087459858574,0.0993831157047504,0.09135643937244259,0.23683069926544648,0.23872731844723843,0.03388424240060234,-0.2677987123980923
68,LightGBM_r124_BAG_L1,True,0.14373118170930652,-0.03181651661426841,-0.07987477707247803,-0.07624443509096465,-0.08963197707921917,-0.06564594680841088,0.25500889267039445,0.07932167256146329,-0.11430633641822059,-0.13292530894301888,0.13280374699540345,0.10794322493693623,0.2831459542775955,-0.07651864461462003,-0.07578445692058802,-0.28801226667409835,0.0961520338029239,0.03189506268313308,0.024112049206257126,0.08625094208858697,0.290443645162997,-0.16629620664212616,0.08000029218609714,0.18346034038786263,0.04839247778757437,0.385070479480108,0.04273503932237968,0.1930270425651351,0.08294500242793643,-0.2515162754309936,0.16498759757731168,0.0064813442926079795,0.06472439308037185,0.14299889727140705,0.28609700720724296,0.06999689138858349,0.05010313014934402,0.015158938825609246,0.141397726683136,0.04480584123628252,-0.056489663164671605,-0.19647374661319858,-0.11140643857458474,-0.059756382204090075,-0.24243080360332195,0.009340750904857014,-0.23199336602737722,0.06675868193795141,0.031095901506250242,-0.011895573751218278,-0.24240690037557522,True,-0.2505302024264843,-0.035694009678543005,0.15327149909719434,0.050319581779441784,0.21956376922241355,0.07884938088659466,-0.1477920930218101,-0.08017783851947338,-0.009702312398719763,0.12188236003399817,0.007183626529280262,-0.13922692740549875,0.0826636153389344,0.12201131366619035,0.3367822090848303,-0.06669886231193553,0.10072509242489859,0.04514887028001467,-0.04407195350168569,-0.020085515596386022,0.18200558334000522,-0.1361827580438401,0.0018134293228557795,-0.13815344601641005,0.020776792656304468,0.16255005038122636,0.06719846911582265,-0.12089451158864781,-0.0019637821254061593,0.16323200710502017,0.03150686445437864,-0.28952793771440377,0.03630909863666922,0.1483095641268365,-0.20886118784316737,-0.13097279935055534,0.10168379971401455,0.000581317065108838,0.20362774981489518,-0.007761139374508232,-0.2109596668492962,0.10294171105017465,-0.2920105171435061,0.11379135296726867,-0.22546490184887158,0.09916219253494624,0.09243159167468067,0.23387028024874362,0.246485094578146,0.03101214099951429,-0.2746204643990936
69,LightGBM_r88_BAG_L1,True,0.1449911255896061,-0.03180969998029074,-0.07754697668346386,-0.0777371502122693,-0.09067975121635341,-0.06057364296720033,0.2582137784993547,0.07930388755386941,-0.11866338298991183,-0.13581812029767173,0.13371986707741051,0.10237100836953703,0.280615360354922,-0.07545535776049926,-0.07766842841843187,-0.28749050579681,0.09913874660288795,0.03289276316727901,0.020689614307070857,0.08290606730880686,0.29292766908528073,-0.17553180242480754,0.08095822093064191,0.18195120469524528,0.05028896496862488,0.387580842312393,0.04162022060095529,0.19100945149449527,0.09107853293183733,-0.2605459048781875,0.16746517041126066,0.01172425132151044,0.06494818101790834,0.14230265047810325,0.2853974527270028,0.07674798580192897,0.049191289331261295,0.013590532625236478,0.1484466160585123,0.04957738649405,-0.05865696939710263,-0.20042199230381366,-0.1130111894626817,-0.06252487214527716,-0.23751197452898762,0.013043442601856753,-0.23902045531521038,0.06794353249053688,0.030214249135289167,-0.011711759661217664,-0.24153784244703785,True,-0.2646187025089924,-0.030590867729031437,0.15729431975073782,0.0631706365091439,0.2229706089803833,0.08097214345167421,-0.13815388544177462,-0.07628856714154703,-0.015003526886506406,0.12753061265989435,0.005057570669074559,-0.1472667536199226,0.087128738665657,0.12526143565218853,0.3231523814703046,-0.06807932110562008,0.1072714543608076,0.04575390832941305,-0.045223888761681534,-0.015995547321605446,0.1823884277487132,-0.13806371443631146,-0.014256859620163783,-0.14105575840689194,0.019399898903454036,0.16924233642784764,0.062284035616239956,-0.11891319818657728,-0.006901858110224835,0.1669908226906235,0.03581587562379504,-0.289649642539931,0.025973078120105113,0.1437636123147525,-0.213343489752501,-0.1279259599617412,0.10241794625886376,0.0027992279027227373,0.20605777354217616,-0.007411437481031071,-0.2020759427012543,0.10327290414516598,-0.29308428972340855,0.11983400221725798,-0.22408230307856136,0.09571234162195898,0.09391672322518918,0.24505268326249366,0.2503388393019483,0.02341692034501523,-0.2881395886481506
70,LightGBM_r19_BAG_L1,True,0.1483227350620898,-0.03149842444166716,-0.07684838845306591,-0.08206957033695346,-0.08982589730243981,-0.05812066101123169,0.26200226008265154,0.07811166358491077,-0.11489003261123659,-0.1364657067788841,0.13434127554655767,0.09989565133666826,0.28099521301932484,-0.076651939420939,-0.07487379593843811,-0.28584208843258685,0.09889037983850212,0.03257097288399184,0.020892492285755543,0.08222210710126002,0.295266727512935,-0.1802083629549719,0.0862598427478012,0.1773411507230492,0.04934210761180022,0.394870698943215,0.04338016867820045,0.1927385701048351,0.09264281056077754,-0.26733642776234084,0.1700704950398571,0.014249493856578194,0.06664819486130219,0.14226418497971288,0.28433846722942296,0.07164366129674597,0.046928923526231486,0.01369761627619607,0.14903743893789362,0.0508690398812062,-0.06131657783028268,-0.19766102304661573,-0.11343172067962536,-0.061372860283636206,-0.24262734439016928,0.017027168512906646,-0.24136613391713435,0.06890185825900069,0.031209628213808415,-0.01299706956015627,-0.2455618351366726,True,-0.26975727455863846,-0.03226908653836684,0.1593099237133303,0.06541361094263107,0.22502197602617158,0.08190535758624642,-0.13692758940250233,-0.07691192965629332,-0.012107629524893913,0.1286396623983941,0.006812687142290492,-0.15249518540294346,0.08673880573764046,0.13106148277198998,0.32543418658771656,-0.06677391347460644,0.11072615962970679,0.046824580853713375,-0.047330895483414924,-0.010790637569957098,0.1922684216631579,-0.141667547076299,-0.009755890457167734,-0.14660246610339395,0.02078077279344682,0.17561330122421706,0.05500372415668025,-0.11680311600210555,-0.0003974696707085183,0.16505886819972743,0.031868270886974165,-0.2942632129614586,0.028397723735434612,0.14529778305934118,-0.21640726323969417,-0.12787693973984643,0.09728454614150243,0.0052147690155300765,0.20882911385686978,-0.011437075196893557,-0.21267052441207016,0.1059930801014732,-0.30451301669827724,0.1229757843288055,-0.2235379087458694,0.09658344058213136,0.09433914084078457,0.24882478326349858,0.2581863877420338,0.024503464854204394,-0.2989861704957954
71,LightGBM_r180_BAG_L1,True,0.15069019232037892,-0.032708869708558505,-0.07555435213240307,-0.08360260798992383,-0.09003432645242931,-0.05740574793600477,0.2643030422423934,0.0815157822445785,-0.1162815600690803,-0.13741212052855123,0.13383771676990133,0.09355502623117674,0.2811836967044984,-0.0773109936267358,-0.0761161033743567,-0.2894153119799618,0.10046890645120199,0.03231421723571692,0.022764178338914406,0.08096227958435546,0.29952875511308,-0.18343209816287426,0.08524458961673206,0.17720070611291364,0.048332469852505965,0.39834327193772484,0.043352791638478355,0.19444359088343827,0.09483132063143529,-0.2702299474115576,0.1745941472567984,0.014531160280640519,0.06608753419639125,0.14371815595021936,0.2866217592637311,0.07149319194907017,0.050398798221135015,0.013805249342096565,0.1533245452451573,0.049963478663768456,-0.06126491877050331,-0.2002216982950637,-0.11517681939425113,-0.06337047751669468,-0.2419413112204696,0.01899900802768072,-0.24464366630974244,0.07285919846547957,0.030759115784986052,-0.013565041153240203,-0.24902781299138024,True,-0.2739611407548048,-0.03144025754468656,0.16094823599203062,0.06789908554401387,0.226924798955187,0.08139130465191327,-0.13707383146448812,-0.07757466056140071,-0.013160997742908485,0.12956036874678084,0.00811769083996368,-0.1557954559946595,0.08791407881263139,0.1356131018774081,0.3265756999113361,-0.06649132232166201,0.11187406871463837,0.04780244957271106,-0.04656139543681963,-0.009834785497559518,0.1984643473114572,-0.14389567773124617,-0.006271581256324027,-0.14979200407336316,0.021004839127195803,0.18116901471410574,0.05085358090624857,-0.11557689257453836,0.003909670678439944,0.16618976720889825,0.030006412376080125,-0.2986077160455329,0.029856950558805172,0.15027190649210093,-0.2187792454596489,-0.12653555352412652,0.09312863899276985,0.006198926249337493,0.21373633460593866,-0.01409107458042564,-0.21664073571423723,0.10872409264713888,-0.31627962492617795,0.12299218838722725,-0.22491831648807495,0.0956618308596421,0.093369831526321,0.25112374494677575,0.26684015017851204,0.025027781322950575,-0.3086428408409382
72,CatBoost_r186_BAG_L1,True,0.14599308821607124,-0.01892899581220735,-0.0275773175523521,-0.08798420488651684,-0.12053752943813821,-0.08136372503444633,0.228665779213146,0.0434727118322033,-0.15429215364154375,-0.13343321403159614,0.16085672678089924,0.17778050512235383,0.3451347536916249,-0.04938784592978465,-0.10858471748012226,-0.28268300482963493,0.11183116145868673,0.021200567788351294,0.037416845207234636,0.12116966482695143,0.25646859285612567,-0.16835805454659358,0.09166279289560003,0.1975851737930829,0.0546460741475192,0.36544885875452043,0.02565029852480126,0.18009757165665388,0.07994559431748433,-0.24011116653703998,0.17064201333725326,-0.016676850582329754,0.005852696546134514,0.11189504986614937,0.28135180282344224,0.030763746703058127,0.11060514166395506,0.02506532893610282,0.08847195573599974,0.051790951023980736,-0.05723454521235426,-0.1771937421206264,-0.0817072125537762,-0.03807823797988474,-0.03685709130038429,-0.07332209339851362,-0.27494845892148717,0.08187541560321063,-0.009772479666995827,0.025439902709498582,-0.3129461472569499,True,-0.25011601592100424,-0.013387119926661339,0.052502463051712744,0.06797647734759839,0.22447636844756327,0.06069085600502104,-0.11549699121349923,-0.07268139451206809,-0.014472464527655615,0.11780544954577847,-0.015863241581771825,-0.14817274871938813,0.061311167264506174,0.18639261874388072,0.3658925246470245,-0.08560714638867521,-0.0037691603045353858,0.042336854558025494,-0.011711993595388019,-0.015284095834480522,0.23609664408824688,-0.17196095821694696,0.06246163723574524,-0.17479154080216672,-0.006162053598352006,0.25536847783372574,0.016721688388659846,-0.1078139173900353,0.0356605806788758,0.17522595886291042,0.11054275724868548,-0.33032149736966077,0.030651349803861364,0.16647995698803406,-0.2732878257825723,-0.14364553579084613,0.12388262629324785,0.031124774973064075,0.3141527769166359,-0.0602047062817244,-0.24549938603570717,0.15174064005390822,-0.4030845641876003,0.15830487870885943,-0.20975805851890134,0.1030762161522706,0.11258758942541293,0.2350063090101306,0.27957440083108864,-0.032321203674391404,-0.35402552258453196
73,XGBoost_r168_BAG_L1,True,0.1530741342767165,-0.020226948916301713,-0.025968697746532154,-0.08649488883555703,-0.12227380323555595,-0.08233559375392073,0.22257516580476594,0.045003568704248736,-0.13884681266539572,-0.13144233924454474,0.14684224030888018,0.1850673988926205,0.3464078624558623,-0.04657059746965652,-0.10413226130083363,-0.28651612099844437,0.10886376791514815,0.020250423876514215,0.03364666648534749,0.1225055775057751,0.25761253206851387,-0.16320324829722552,0.08824634235074928,0.18399719955785193,0.05470255685970806,0.37218615367153773,0.025189667120759224,0.17679461577135572,0.07453260743890455,-0.22900494993185175,0.17261900993553428,-0.019789913612006174,0.006983157061730668,0.10970168091127584,0.28739319571262895,0.035559967129408954,0.1024152646039932,0.02339228425606701,0.08128068141613211,0.0504863589144455,-0.043252635471455914,-0.17148909949600943,-0.07984248000924984,-0.026441164440177044,-0.04186946962744834,-0.0784465012159495,-0.2666960245259053,0.07585888151944405,-0.013714254527334838,0.023055825760518605,-0.315602459127485,True,-0.22345170849565466,-0.021675085928159806,0.013694856401527422,0.114179615943695,0.20492787765098858,0.06604666931068656,-0.08346722831729175,-0.0864585519418293,-0.017682233883970964,0.1100641574477288,-0.00921008860720198,-0.13018656947512203,0.1067427896534754,0.2185184638990672,0.3602837523412465,-0.07631705374582548,-0.02221717841698452,0.015401575192971934,0.03962372934218595,-0.02180575385365699,0.2117438063686695,-0.19996746482441285,0.05790643503758836,-0.18469548294424062,-0.0001515705104598157,0.26150369780963956,0.04377577077782828,-0.10727593062820713,0.02314785353433271,0.1473721766565877,0.04572657588363869,-0.3561799192013013,-0.03182765234778001,0.08531685269653366,-0.25170860021443164,-0.15783000710348186,0.16186192557256265,0.013123000791806895,0.30582613659684593,-0.006258052940474847,-0.2082455729806165,0.1245657942820622,-0.3711362038098142,0.16481072956872206,-0.18934184323667125,0.08112110027175808,0.13198250433285244,0.22502197238905441,0.2663990105872438,-0.08139371289511026,-0.3058166432646701
74,LightGBM_r11_BAG_L1,True,0.1599129390507123,-0.02172424026540516,-0.016793374859759853,-0.10038265916795926,-0.1308910629245298,-0.08049293881210702,0.23499934381099735,0.04455377335228076,-0.1402263673458229,-0.1350289068308125,0.15479443905381035,0.16405605909042756,0.34961769071299414,-0.04826559947548851,-0.107953136449954,-0.2970490560759809,0.10942290440561675,0.021567194392246435,0.03618050582561498,0.12312416341253059,0.25898965238121524,-0.1741033421299412,0.09037426966615765,0.19328815181064507,0.05046813893184478,0.3898734089219954,0.02602977412497926,0.18035675400861811,0.08161979219846568,-0.2415892677967075,0.1883152643163163,-0.016504750895597883,0.002112227566301657,0.10982338615526112,0.29657095684589413,0.02479193604917487,0.11377100224499763,0.024034623387461616,0.07978411043278585,0.06071372840167671,-0.04405173102092405,-0.16859442570024216,-0.08134493636512571,-0.03735739339563682,-0.038465536019004244,-0.07551742440177414,-0.27095880130079303,0.0917852385085458,-0.01062359119737766,0.021633565031417987,-0.3315352959149103,True,-0.22756867955564314,-0.022559767170185666,0.012460722012879677,0.1069294457654666,0.20502000801617354,0.06657057414557839,-0.09077934815777403,-0.08080035669764184,-0.01643766470974835,0.11376259163965688,-0.008224899387976705,-0.13727296339861525,0.1021653947006738,0.22362063356686282,0.36341991434628274,-0.07430444636136345,-0.022299702950149207,0.01832097624130336,0.043015486836551625,-0.022444139465532285,0.2168387739055777,-0.1898413355566414,0.05748458357421386,-0.18864823152173316,0.0005133812637500156,0.27922235647926336,0.04690388449717149,-0.1039523107484151,0.03632934415288832,0.14648751155458034,0.03712343652103228,-0.3651190198179306,-0.025005206824431834,0.08458061830270722,-0.2508808234686232,-0.1613460645674764,0.16089983654810505,0.012726303012178263,0.31080082383118873,-0.012105994998890353,-0.216406191680643,0.12640173386251255,-0.38041712963843705,0.1683042001896942,-0.19843537609332978,0.09380809744026981,0.126358517179008,0.2248313291779349,0.2775636219477984,-0.0914683344150787,-0.3126076721298146
75,LightGBM_r7_BAG_L1,True,0.16472383811069888,-0.022567874672120746,-0.015855224154599633,-0.09438557058964407,-0.13843676365570287,-0.08862220867171079,0.24377494736389807,0.04294588254015602,-0.12732837695096363,-0.14003185312609215,0.1520905875009749,0.1559172245692878,0.3590761746512733,-0.05288302646424108,-0.10952339598728691,-0.3141350472417395,0.11391459439589272,0.023670237263921912,0.032979364082710426,0.12455094072703217,0.26050257814283084,-0.1723046237619913,0.07923877144744518,0.17490119466196205,0.04945823612736336,0.3830096653211861,0.029263922602504485,0.17942980514229936,0.07634981091833536,-0.23967947582982235,0.19641106446760556,-0.01216495734459316,0.010269780330644289,0.11364999981728158,0.3106309996546132,0.050282875602175654,0.09906161353915151,0.020230241153124853,0.07678289952241756,0.05311933860944665,-0.04003996793179958,-0.16632346035014353,-0.0792471548086195,-0.038288623973192645,-0.02949648520864319,-0.07913952371767663,-0.26084920742769563,0.09790557812663463,-0.00959697913646097,0.018598932231841354,-0.3479491757684501,True,-0.22624737018961927,-0.02530820282101253,0.009080183259580994,0.0994944006407244,0.1968284501752754,0.06734376356556976,-0.08772563851693213,-0.07854715047466468,-0.011655044549079976,0.11101993623127998,-0.01243271820502171,-0.1310630565947202,0.09658772205159126,0.2120288358683086,0.3785834010622525,-0.07822738035211722,-0.02443732665691355,0.01814759633080794,0.04113561214581832,-0.016936097637644185,0.21510231812299319,-0.19721361741686166,0.05254949347857399,-0.1794194070959332,-0.0009529478292496767,0.27321616125936476,0.03568524213208108,-0.10507046356889536,0.03625022742781803,0.14878921669765255,0.03273275216463341,-0.3632861774151218,-0.014377227607781077,0.09220242004370821,-0.24645161739181165,-0.1557503810452439,0.1588174159140135,0.012016774182185724,0.3066598714625582,-0.012549272736600862,-0.21869205691894536,0.12217491107590009,-0.3652159897596761,0.16466195550402507,-0.19712851928773398,0.09406558683091037,0.13025183218890832,0.22216803125934056,0.2780167459375269,-0.0857246068850556,-0.3082698184522756
76,KNeighbors_r100_BAG_L1,True,0.20497686440421756,-0.025658943379385245,0.022742540481952338,-0.05979971656344819,-0.24108872854617916,-0.111838908663889,0.18016420724739388,-0.1152618921301639,-0.0665137137839276,-0.1948314682804688,0.14406736311053003,0.12323830457676066,0.3074490107837254,0.030671942870889028,-0.26816258736026743,-0.34291176063831375,0.10931075855636005,0.0064191865131430145,0.03165377746843366,0.03804636270708863,0.22221782234143794,-0.2382551472666978,0.0044900941576372505,0.12272300924699588,0.01711082453714795,0.5171938279814614,0.026940873971139742,0.01021803722688915,0.12225573055461096,-0.2035936390617611,0.1117283790646001,0.03363947053426858,0.05230928427537466,0.16715621100251285,0.3310231212359249,-0.0405294420901651,0.173165251196291,0.03767375516354686,0.15756837433448037,0.09889005608695732,0.12791791493311855,-0.1847908604725917,-0.1108843686762153,0.013716832780396218,0.0068452683115534695,0.09902114402571549,-0.4347697095907336,0.160614258324811,0.1846746888203139,0.06195562877492443,-0.3422912507617002,True,-0.22782620222744726,-0.02533518984420492,0.00814243129301168,0.10440912389986441,0.19815053880943415,0.06799612318865371,-0.08923095511563481,-0.0784179940415501,-0.012090019464557298,0.11018144653417422,-0.012289175894108047,-0.13319067614999394,0.09712311055613601,0.21415949499273157,0.3782704269555997,-0.07776395391733026,-0.024765884122902038,0.01791527678237552,0.04318183671093695,-0.017848026756979326,0.21985623194895038,-0.19888183213155616,0.05273925242622619,-0.18184750556210522,-0.0006231750198787966,0.2780325471960638,0.033626362661732676,-0.10541845735909341,0.039558436904459954,0.14964920221946268,0.03187808772830313,-0.3672461957853619,-0.01492523104705602,0.0906251981493669,-0.24713108922735172,-0.15536041099546577,0.1598350882689288,0.011790114827838427,0.30916769092655466,-0.014221154848531826,-0.22160278401230452,0.12425769447515023,-0.36947751044290383,0.1643511543522406,-0.1983314113601391,0.09528995358420797,0.1298653359329672,0.22323161076582912,0.28184875422721306,-0.08661940991493687,-0.31151717474751467
77,KNeighbors_r180_BAG_L1,True,0.18269087194517572,0.002271201571303018,0.05674357681177954,-0.05211062950271313,-0.22521593849609212,-0.05015547939591706,0.14280632684445152,0.06283404319241209,-0.10626074108552251,-0.21815220950675154,0.023407019774813055,0.051103171885552426,0.3213790415483323,-0.02763645625650941,-0.3455353392224989,-0.32453104438289576,0.129517056134887,-0.006012077576477105,0.030087669255446422,0.06212741183867556,0.09300590550800457,-0.28775373870874865,0.11846019977814647,0.11394127336638803,0.03571322762007811,0.6906549084368578,0.021445840310695703,0.029615750102388764,0.046856713485234056,-0.3020287929193819,0.1317503971466483,0.015391609119194197,0.07746953272694096,0.23458861069596595,0.30170664413319975,-0.04508446950046258,0.15091325287621332,0.019696251849334816,0.11533642648574713,0.1385813316653185,0.1985055345426261,-0.1557661045847024,-0.12762086788634933,0.014780318148997487,0.04533935219700633,0.14531716934136316,-0.5098375287846985,0.13472714406543507,0.2404613159455631,0.037410865939647264,-0.3508186882357261,True,-0.25571725963492953,-0.017423367707376427,0.033110256024310426,0.14243127246485612,0.21275774286405313,0.09218104796433008,-0.12612539293836228,-0.05842159090197682,-0.02076250867025911,0.12928175314804483,-0.03670389067873685,-0.1522711567093796,0.08243935138059737,0.22368705563136937,0.3577196756227234,-0.06630977262186165,-0.01576039757353938,0.0129728972831443,0.018411048216056863,-0.006085209852087073,0.22592039555483007,-0.19760052349924187,0.025452121659012412,-0.1997891751645218,-0.029014844174401113,0.307998244142929,0.043980879171127425,-0.1005269428772923,0.07629539821210098,0.15206945942948497,0.06391880539880912,-0.3600404538961897,-0.027616881917467737,0.05066812784754395,-0.2506703676000879,-0.15834419624453788,0.14012428485487258,0.022922281459210533,0.30598148887499244,-0.0500366296468786,-0.24575142813699077,0.17724250036560335,-0.38792244443492846,0.18943874510906333,-0.1885096530818786,0.08944417780505515,0.1374708693727874,0.22252391350616618,0.28113425738120473,-0.07810885321641518,-0.31122091687160996
78,XGBoost_r166_BAG_L1,True,0.19078261862422025,-0.00044883650671285655,0.06232037161816407,-0.049240762605689346,-0.2408433465772551,-0.037348567961595,0.12514339346507689,0.057239098601539126,-0.11498854501801822,-0.21533839871712493,0.02099453209522968,0.049744144109885105,0.3206566824655401,-0.02259938997381978,-0.3455825246366772,-0.33640126868865355,0.12923366532432143,-0.006458967766115133,0.025713684168658317,0.07005620327748037,0.10213023297569422,-0.2882257064209812,0.12249189818144988,0.10911798280747674,0.03519616423685627,0.6928490497268271,0.016188858553904454,0.012258051692678818,0.0584507811960532,-0.29132070239148755,0.12779989376499418,0.013269068055061678,0.07827910929325074,0.2464071759075278,0.3156822770299822,-0.044476271742558755,0.13349723330822327,0.018258902853577983,0.1038476785490246,0.14527096889751312,0.20688812759493933,-0.14233350209279794,-0.12475585734431557,0.022929215109315344,0.04583479970826163,0.13781082500728445,-0.4997697366734886,0.13277528019519877,0.2441602684585679,0.03680494173721148,-0.35924191266168576,True,-0.2576975772274579,-0.027551264993667498,0.0059738073643732514,0.15880916374795997,0.20749557850966885,0.10296331907859292,-0.12699616962453725,-0.06897285060157655,-0.021775469097210023,0.11719637574354498,-0.02573575777992932,-0.1518476071603247,0.119736686639425,0.25080131568331554,0.3401972120622429,-0.05711403442627808,-0.011261356155435604,0.010159765719593756,0.06549731224415123,-0.044357571485007775,0.2456202372919048,-0.19805036191297215,-0.002282870687093809,-0.19927120199100987,-0.03228210534449306,0.3234843339267996,0.05532688281980285,-0.09927119568645042,0.07662371035536779,0.15405380763888438,0.06865593157471243,-0.387031080950932,-0.026434721773979007,0.032990818759214814,-0.24122859316491146,-0.1667668856570983,0.13665836502868425,0.01284893371588277,0.3337042192746241,-0.044100820214657624,-0.24777276041309523,0.19039191679237108,-0.382204702033111,0.20972250873527604,-0.22011610092935086,0.06504008598391431,0.13129253501416882,0.20566648846906574,0.2939903147383435,-0.07766326700296435,-0.328530800821686
79,XGBoost_r50_BAG_L1,True,0.19339136532796666,-0.001465068047423481,0.065673786238705,-0.05013838069252979,-0.24360007714193457,-0.036941254979772,0.12634788055069354,0.057471333432726236,-0.11541755626698832,-0.21558553767719785,0.020621024671656905,0.04574479858821666,0.3209422515599828,-0.024596024607598348,-0.3484741035267674,-0.3376539767347853,0.1299577915175139,-0.007085717193010415,0.026086014135617737,0.07028680719056365,0.10170998515459079,-0.2886354421606536,0.12257820726892667,0.10981960001212847,0.0348762580206675,0.699110922353352,0.015826327469903728,0.010907669617655614,0.05694799969874391,-0.29175208992018187,0.13215705680828824,0.012981404274335586,0.0783030009957867,0.24790255699866728,0.31803296002691317,-0.04333183228404446,0.1351022146633895,0.018629376662885225,0.10471242819908562,0.1447616459405763,0.20970226316800814,-0.14191345237767156,-0.12435865684528696,0.024195841454175936,0.04681160576965271,0.13691352533849735,-0.501496181939831,0.132780024490051,0.2446426883395083,0.03574735817488767,-0.3644803811914984,True,-0.2766580466513147,-0.03743434841674158,0.004418135822827736,0.19475400915741928,0.20520080686667644,0.11635255745307191,-0.13904004801706837,-0.06370655800394406,-0.023064544083219778,0.11262004653005953,-0.0324989469845961,-0.14895488394205506,0.1068344163032431,0.26516400263024803,0.33922976532446864,-0.03191690048647379,-0.023326439854765294,0.0038388330851715376,0.06844058667695299,-0.02264739082360889,0.2273445211390736,-0.2228461307624828,0.009604844794223974,-0.20604105586967553,-0.0476387602902606,0.347883596567921,0.06874279419489138,-0.06119117960661598,0.07812134154281737,0.15398110586295286,0.07430519759797742,-0.38412391320743944,-0.021879438422220503,-0.006656067108286737,-0.24825823221405025,-0.20269212170881099,0.13444983247802295,0.012616343722684928,0.33939114100626805,-0.023258971178157593,-0.23538130390344505,0.15726135960448145,-0.3728557235775896,0.2060627708841835,-0.22501078145513626,0.030397706536790182,0.14438666725981014,0.21309754041727155,0.3003942366935268,-0.07388981468461142,-0.3380792767565036
80,LightGBM_r186_BAG_L1,True,0.19786076468844782,-0.0027326656638773238,0.07034938589201954,-0.05156848194999348,-0.2467283094236893,-0.03606193062170649,0.12699204461013733,0.056953513418681,-0.11556324456405898,-0.2168465809344074,0.017334694421588012,0.03968519440448851,0.3213891617541412,-0.026849983540473132,-0.35268888363528766,-0.3399622643693439,0.13094096697387844,-0.00812958991552552,0.026530660577402335,0.07060732860783707,0.10208830975411133,-0.2909828670839511,0.12341846326727375,0.11213706936540443,0.03438588699993481,0.7064198758444317,0.014544299503803943,0.01120562539824633,0.057079970291500214,-0.2930660769626176,0.13780677734718993,0.013750331598052506,0.07870720828855925,0.2514019088862276,0.32210121963531246,-0.042174279217199045,0.13800527162152193,0.018786793912015914,0.1063525230850861,0.14326885625956837,0.21304593895377516,-0.1404647479352592,-0.12337216618649402,0.02510467279915592,0.04900713161200959,0.13647732275450558,-0.5043607835484503,0.1327287466786932,0.24496787081173763,0.034273200865570404,-0.3733249091498888,True,-0.27882400797527673,-0.03797572852887013,0.0032931586536826506,0.20291200906300766,0.20678118714074806,0.11704742732616381,-0.1425219283669645,-0.06451849892118498,-0.023389308466846545,0.1102280884295874,-0.031970948643285826,-0.1528714790898348,0.10862201840039258,0.2695790883589308,0.3379175383869044,-0.030295311310901376,-0.023775227628290818,0.0035912866262769404,0.07306742365579842,-0.02387398243067573,0.2351098688959052,-0.22742203967391839,0.01034559862509172,-0.21072864106164982,-0.0475094417399391,0.3568131638504249,0.06706387699552517,-0.06039494854916576,0.08383348654845957,0.15475179331554964,0.07378143190518618,-0.39147175919582183,-0.021503665151570157,-0.010923225201422415,-0.24936666769602084,-0.20286442066993102,0.135183063982604,0.012041134398025174,0.34335263076171135,-0.024934532744603475,-0.23936635909158782,0.15881656001704275,-0.3796274788311939,0.20581745647214,-0.2275066765969934,0.03073392846417399,0.14420762297206507,0.21411178500409997,0.30703946953605993,-0.07542860335583522,-0.3435011371851714
81,LightGBM_r142_BAG_L1,True,0.22123015896264053,0.005021706997142016,0.08180547234436672,-0.05398497091448409,-0.26800964193539506,-0.053447347805780504,0.1354152831536085,-0.006614267646416116,-0.07522425631663472,-0.22931396109381827,-0.010222877564590904,0.03648018050746399,0.33627438331950144,-0.04363022321541719,-0.34701087599418134,-0.33558187840089837,0.1220105161866376,-0.004312610883302136,0.01663439287822171,0.083437693959682,0.09950522019887913,-0.30383809574617854,0.12780005870143726,0.1345218679093777,0.03569658568238182,0.7174694713584052,0.027641991810760196,0.0030985214699234603,0.07914311218086757,-0.2971084802780445,0.10844391899201636,0.03366337694898542,0.09518664390397538,0.26090923397916627,0.3441168378005804,-0.03342325049897473,0.10063481426582191,0.01105124052563321,0.07745818288035212,0.15655206538212518,0.21593003710251824,-0.08893529524514372,-0.11693609603246723,0.027786569423321514,0.05206804718386269,0.13432048010806105,-0.48124887976083497,0.0967278344370274,0.2742022751578135,0.02369801337197058,-0.4397912413603771,True,-0.29080708172239866,-0.04396352549577311,0.013717824241505932,0.2231354017411288,0.20790222850713147,0.12678834139308232,-0.14717141138760526,-0.08118281225954417,-0.021534513808441236,0.09398464709602893,-0.04223965127378664,-0.1582510600332952,0.10477775171109639,0.28941041243869264,0.32359801533787214,-0.01723686549329765,-0.012084780312897423,0.0019315908379940203,0.08174092463672848,-0.014749701552298591,0.24742702906451894,-0.23677976058938505,0.013135498287410122,-0.22341989306078408,-0.05726688678939009,0.3855576648619123,0.07024444548723174,-0.04590456764869169,0.09649482786039103,0.1680286112088428,0.0637379338310505,-0.4218689017838628,-0.02633316677273222,-0.020410538746184932,-0.25668401555549736,-0.19478231169644214,0.1504168120152603,0.009294895729220896,0.3542748462885292,-0.0404891398946835,-0.2531097730049637,0.1782869138010272,-0.38019100722307236,0.2093309181079984,-0.23958154002858428,0.023452503804220853,0.137100270981157,0.19783108157368837,0.3301375735709311,-0.06963829292073646,-0.36975289080304186
82,XGBoost_r93_BAG_L1,True,0.22032314114687415,0.005982942492350587,0.07132528058408578,-0.03606277195131082,-0.23776062527414926,-0.06841323496547773,0.12861088138157695,-0.0015101696293219444,-0.05593546771236672,-0.22913642014208144,-0.014509614063997603,0.054000314765119316,0.3283578773928283,-0.03893632171700456,-0.32718600139918896,-0.3397012979163823,0.11564357394253273,0.000788953909612417,0.0107658896791621,0.0769162083777565,0.08723287619374931,-0.2908431639559227,0.11025400797804619,0.14209395984152942,0.03887555791156955,0.7239473177994209,0.025575917603671793,-0.014978812625271298,0.07204817349433082,-0.2828627962412466,0.10246046752042116,0.026508837189475283,0.0851450041423914,0.23282574054699573,0.3433928926853975,-0.017389419010657502,0.107756108558654,0.005689901418436424,0.059032930419092966,0.15618374007698207,0.234973599401327,-0.0984268900621874,-0.11573370726078828,0.03985286928551992,0.040265215136933166,0.12187517522993765,-0.45926001401289046,0.0883939811866287,0.2560031239661237,0.025631117066804772,-0.4063827078977836,True,-0.284536097371938,-0.05343311788656077,0.0052368944698153105,0.22410651687188865,0.2089989629743632,0.1311815445642705,-0.15278808128776242,-0.08282563051920219,-0.01604122919549058,0.08441194447431889,-0.0384778277327222,-0.1829677117121948,0.1211388983900067,0.29889805316758067,0.3156375642601265,-0.019901056157454827,-0.012944441218287778,0.002282231440875673,0.08033054395761274,-0.027655284663711057,0.2553256322817842,-0.21974318797482556,0.022762731746370786,-0.23132148106798844,-0.04025840782267537,0.38409761183216745,0.08634360070589289,-0.045969839725378256,0.09929485888497994,0.15164929264007274,0.06405936795704827,-0.42411693657723054,-0.039150722118425144,-0.028679762278498784,-0.2526842179778981,-0.1924816438383223,0.15997688552506437,0.005174134434807793,0.35568415168083944,-0.04175671057949868,-0.2648203869833919,0.18888907577516287,-0.3850604740403545,0.20925277823747687,-0.2397649024944869,0.017528829335484497,0.15124325968300398,0.1926321620610099,0.3262070853666336,-0.0770062366035794,-0.36377579881212235
83,KNeighbors_r9_BAG_L1,True,0.214770286581159,0.010139392784148816,0.06782475683844892,-0.029545884035756854,-0.2327852079092758,-0.06521469450728187,0.13875963664744798,-0.009531400724563481,-0.05694950591500543,-0.2251440083273526,-0.012248681165348375,0.06098406025671692,0.3286572690543909,-0.03002008076069615,-0.3247423733709369,-0.33570145614965224,0.11837760502679444,0.006290687683379339,0.009297270437204975,0.07620758710674214,0.08457306507167309,-0.29021444668514973,0.10685231821410195,0.15245423214134773,0.038600304898960124,0.7098843064660703,0.027155919215682,-0.011392636896336293,0.06731513320276349,-0.28901382469101794,0.09182531871369387,0.028532580448615966,0.08271702815043115,0.22369378985910018,0.33456610723323615,-0.01899241196522516,0.09431479029959619,0.0035974430803892062,0.05643962990820416,0.1645636152393838,0.22440234424656014,-0.10009459759473367,-0.1257265551879521,0.036640873128377896,0.03799526239622479,0.12303577613981913,-0.45840825488628134,0.09021729203076348,0.26171659057685576,0.028518468180299645,-0.39405736919480205,True,-0.2843102758246507,-0.05416327100618042,0.00419740987264635,0.22774538242078946,0.20850251265029002,0.1310474910682315,-0.15547483295213368,-0.08302462451607771,-0.015907634670440995,0.08340092367223027,-0.03666722782329174,-0.18564119891899383,0.12314274329501246,0.30285728865203865,0.31404340155022303,-0.01846625788769705,-0.013576876370669361,0.002116567856117708,0.08401089924188408,-0.02963497197717314,0.2608215998602169,-0.2221684073688427,0.023682006511819877,-0.23316325594919718,-0.039791070076673055,0.39066603156749474,0.08455928513498547,-0.04636222144539879,0.10146894759292747,0.1511792796177185,0.06297549712840443,-0.4297132908630669,-0.03954210161451562,-0.030466652583187454,-0.2507450431878793,-0.19266270189228937,0.16016264566742794,0.004189894580701986,0.358778298456277,-0.04297363008685401,-0.2682250787516081,0.18937729448718402,-0.39053769433120356,0.2081724823044363,-0.2414721690587125,0.018507730294491237,0.15104418895082034,0.19211983417085599,0.33321248839392714,-0.07752038549719141,-0.36664190155149007
84,LightGBM_r156_BAG_L1,True,0.21849007481937507,0.009303149759496311,0.07219221587422191,-0.027126263586672087,-0.23438852300885119,-0.0636021773880844,0.14063673793517162,-0.011403596245217718,-0.058592486743241266,-0.22751515483008555,-0.016416976329148684,0.05481138499606753,0.3291206623331605,-0.031092679294596026,-0.3286411800115147,-0.3390758042810367,0.11977081634507047,0.006236110446693849,0.00972405753327813,0.07713480311210114,0.084750408730396,-0.29174842700752524,0.10636834882045605,0.1581839392302209,0.037749944943804174,0.7149414096524781,0.027190552676015892,-0.01243132897009451,0.06516252280982018,-0.2922548167742691,0.09556553889021716,0.029666370758225768,0.08279832958023917,0.22575356058929455,0.33825595639810185,-0.016580817956487855,0.09501576382756093,0.0030845130594861834,0.05608656232520151,0.16319493473301888,0.22730110169833356,-0.09872080670830849,-0.12562019672490543,0.038031269072450524,0.03961317008601942,0.12164006313951665,-0.45982177067590274,0.09163862198478065,0.26411395686932004,0.027788495610602065,-0.4003709986048423,True,-0.28492399467916185,-0.05472598485847145,0.0031898945938642043,0.23508169995220135,0.20877640484798177,0.1315960767811044,-0.1593139330939927,-0.08401695832970768,-0.01631721425046806,0.08094506141477395,-0.03613121206361359,-0.1902740906456862,0.12463383300902699,0.3067512776423192,0.3124837751150284,-0.016733842560478416,-0.013784969097623988,0.002031529236081607,0.08838634951579374,-0.03212397366665725,0.26751639607269034,-0.22576803068468404,0.024053070267455845,-0.23669232297053217,-0.0385576711839804,0.3986316258631809,0.08308876861746689,-0.04620859130951966,0.10683136012998264,0.15169572327962783,0.062159370533654036,-0.43675631622276745,-0.03983846472391116,-0.03452233003309475,-0.25083498338966,-0.19284109361182386,0.1623752455548354,0.003231206030247938,0.36234202916532426,-0.04460702237043662,-0.27170788043234023,0.19060541078462134,-0.3959806885410374,0.20630975652637623,-0.24312379503475823,0.019700215148081988,0.15090513034302364,0.19212010377467817,0.3394165220530968,-0.07875556226039344,-0.3703398525150539
85,LightGBM_r71_BAG_L1,True,0.22019104188381855,0.0077412248538096156,0.0741085502576649,-0.022053272553513456,-0.23835819801760705,-0.06025937374601313,0.1413961085024897,-0.006957740359152881,-0.061982114021716155,-0.22971504119769728,-0.02285549387689592,0.047918309761619766,0.33112500077386964,-0.02834495062035446,-0.33320153287911686,-0.34693092911230894,0.1230620198931702,0.006015913759301667,0.01021153847808014,0.07922092829531419,0.08998412595482062,-0.2922754677207521,0.10450592249678277,0.14904400789808495,0.03664042776223734,0.7138693472711877,0.02960455518991158,-0.012564697652631001,0.05930536438805816,-0.2952568091877618,0.1012648804807698,0.029316747577737546,0.08369979645903132,0.23146635679012184,0.34360735495366745,-0.010621313812880439,0.09175306124472828,0.0021736703926833077,0.05654434304455917,0.16191193025135533,0.23044181157764784,-0.09890317931751051,-0.12814014970569496,0.03768783171754271,0.04544835120709811,0.121825996533753,-0.4599767198959059,0.09571422407969234,0.26721666123072857,0.027919740044084717,-0.4049166218108272,True,-0.2862053241581845,-0.05610955964913442,0.0016326564179664502,0.2443210956281519,0.20949698267247294,0.13223503964642144,-0.1631291255438728,-0.08596691602687487,-0.016046454258097906,0.07731597968083527,-0.03473929088135229,-0.19766888065079669,0.12732222135827143,0.3108712409015758,0.3105692169450689,-0.014272201845252283,-0.014457674150118935,0.0022735906872784106,0.09266154981612706,-0.03466936393721787,0.2775679976230885,-0.23309145679181822,0.028085210297399885,-0.24287579053637326,-0.03455196478372423,0.4087843819981826,0.08179519113030007,-0.04525487429479862,0.11451602633985832,0.15093934733747844,0.059427945878076614,-0.4448445390457336,-0.04248200668673926,-0.04062713999926211,-0.2506862639368106,-0.1935250323189205,0.16423801375352312,0.0024101343643232096,0.36652649434879125,-0.047100810886370824,-0.277705347028548,0.19190672714724083,-0.40501100715867483,0.2075328356106301,-0.243277800815449,0.020669908700079787,0.15176589007333738,0.19263569697559108,0.3475293320612715,-0.07938197722514267,-0.3760850877602381
86,LightGBM_r158_BAG_L1,True,0.23227456791243808,0.008345556664176863,0.07615307497118853,-0.011767584741684003,-0.2597690356101453,-0.06342555593389289,0.1365960723786141,-0.007294599943846677,-0.059332288069335895,-0.23145422423667802,-0.023298438752298554,0.03765456588229775,0.33408348973656793,-0.03307412447186205,-0.3598452203138941,-0.3397393841319767,0.12014804255009216,0.008155925115715994,0.006005162284394527,0.08667853623322656,0.08718607153354344,-0.2863764315708893,0.10127841241226769,0.15982746680774196,0.040371145970099796,0.7219362492788306,0.025734957758179244,-0.026158012556598408,0.05621056408511192,-0.28870907850299865,0.09064316953799931,0.030413910713199207,0.07724612778672367,0.24032822836582046,0.3551643268899642,0.0031947898742236774,0.08837724964680074,-0.0015820494565070046,0.053333792577737564,0.17210514845381666,0.23038605811331603,-0.08007443494031492,-0.12821351191897637,0.03779011381554,0.046432658553111246,0.1151471888672945,-0.4491173744272096,0.06863976723941116,0.28244336045072593,0.020917898878102015,-0.43687951824882054,True,-0.2992009233039684,-0.05763848604089718,-0.0024800552339012422,0.24048817409215792,0.23428110332300836,0.13551521806034805,-0.14704338275235412,-0.08142152982495544,-0.01383500505198096,0.07437147066207217,-0.03709777865000643,-0.19627210207893062,0.12032213289786825,0.32548678117679775,0.30947939352094384,-0.028947898107434047,-0.009377275033591113,0.002267337816550796,0.10048031754904141,-0.03467810730893131,0.2749380344377449,-0.23656670605999602,0.02019861381501157,-0.24512397521992446,-0.055943448729616846,0.4146068268632328,0.08124525176784453,-0.03287185905248697,0.11809706975422442,0.14893052196349316,0.05366668767483469,-0.44609255403605547,-0.05502842515996867,-0.03626404864703554,-0.25207076702718684,-0.19342317875624776,0.17164152701697477,0.002608146695279044,0.36658461309738516,-0.053857208784741456,-0.2827141116331805,0.19375057616097005,-0.4039436470497077,0.20990061717366487,-0.2442061660426215,0.01771357063132217,0.15454268301576404,0.20685099617704247,0.3344241605985935,-0.07592045245964957,-0.3677645583274913
87,XGBoost_r117_BAG_L1,True,0.24547857807192475,0.011642563127907016,0.06637530880641776,-0.0004911115454498385,-0.24583691742328542,-0.07087849030772889,0.13104235189626734,-0.016267354267256624,-0.0583311423882192,-0.24241981606984508,-0.03807275767567846,0.03295397847616287,0.33550088361714475,-0.032234609491836486,-0.3584855688014888,-0.34621750225162184,0.11713522173423932,0.008978447586848522,0.008732223955686574,0.08802236429023558,0.09230850725291595,-0.2990184220282601,0.10730106459070532,0.17429943244206356,0.03883331350363002,0.718336383899697,0.03251260716490177,-0.02070102673468973,0.07043488557600215,-0.30525103881758425,0.08912380366335791,0.03949993542202201,0.07948560051377851,0.24368983393263832,0.3591808293815342,-0.010319556645574192,0.09045614856159456,-0.005021907396982576,0.04271106673107177,0.16974173866287195,0.22008227481969866,-0.06203048375371173,-0.12889866470323902,0.04093981426974072,0.05014906382201246,0.12244705254699732,-0.44231056896363236,0.06240427480521779,0.28342738511766247,0.024374432686027306,-0.4388111862286461,True,-0.2918548343759698,-0.057094538925803004,-0.006044052020788894,0.21093678088003032,0.23559756170964385,0.13213176355096018,-0.13135727592502014,-0.06874601755651819,-0.009782065968754998,0.07203968258315173,-0.032369711371170104,-0.1941583504372865,0.11226021906364352,0.3114944465272732,0.320050096306296,-0.03836103017381576,-0.01597958715600097,0.0075921329683734835,0.09264874120546938,-0.043195637498575724,0.26503445648282464,-0.21626148270477422,0.013226224966785964,-0.2513358924051638,-0.06969334222943463,0.40130482470010054,0.10827546689181519,-0.04196909948949144,0.11303732801896539,0.14446371688299445,0.05787229239914425,-0.4337566320368107,-0.07157876923428962,-0.006779612889296329,-0.2326231727633754,-0.18361381137384036,0.14710248931951228,0.003196351570788644,0.36304926828869727,-0.041606508380719116,-0.2843766016897752,0.1858870464256025,-0.39741203444511763,0.21464551026968898,-0.23101275194784887,0.021057278657677706,0.15449479613492456,0.19836102469518188,0.3282484094341698,-0.06724703337029192,-0.35007915328765876
88,LightGBM_r143_BAG_L1,True,0.24935053848431377,0.011258299822107817,0.07050285887494988,0.002863914857130446,-0.2459642391105062,-0.07003400188545854,0.1335198893106769,-0.022105899529167194,-0.055542237262837316,-0.24663999905358153,-0.040737033758284344,0.028097624725615982,0.3364879858714966,-0.033907802175121717,-0.36098769526181224,-0.3483223884068667,0.11799936636514094,0.009395117065452922,0.00816342821491571,0.08742095971332205,0.09248990893138595,-0.30214080266867765,0.10689099056317691,0.17722045226592878,0.03852340026531449,0.7217022318904396,0.03336876427933312,-0.01977367111904681,0.07043826820058856,-0.31002067554377555,0.09413865099525251,0.04189392341686548,0.07921227599812675,0.24342014051884447,0.3614046617893626,-0.007994894636934856,0.09198712436812014,-0.005925483532492332,0.04111699693035406,0.16811798170578943,0.22296790618982815,-0.060513835828039424,-0.1269589345022543,0.04278915009778649,0.051362710830434734,0.12178297503994662,-0.44323771901275816,0.06268154773012496,0.284124863131136,0.024019085231804325,-0.4436893655024102,True,-0.29606097910100937,-0.05440809112603725,-0.005518694520687236,0.21879098357017965,0.2384567616167277,0.1298938255807512,-0.13346419506291926,-0.06913953128124989,-0.012799678996162413,0.07388956365486192,-0.032558382392562535,-0.19793931304139756,0.1151629473504944,0.31787450998566125,0.3157338813032034,-0.03925448005838762,-0.01893828050172807,0.007015347964013976,0.09740010597554657,-0.04141447057989091,0.2680203679877364,-0.21802527291545284,0.019746284853008368,-0.2525379076962906,-0.06792235641076952,0.4089527986910256,0.11160121693003532,-0.04042438566286386,0.11765190410675504,0.14353527364349003,0.05824337825445899,-0.44558965874170026,-0.07079408095388035,-0.008717042895952385,-0.23283448572792456,-0.18161403861981032,0.14044276722917098,0.0034303944338838484,0.3622234069007484,-0.039687775783655135,-0.28273619058438293,0.1822955020216162,-0.4054934106535223,0.21500500734374633,-0.23078913680005977,0.019663053389298944,0.1523714076326179,0.20385974001175836,0.3308497614293091,-0.06966403181968457,-0.3588659213129136
89,XGBoost_r144_BAG_L1,True,0.2465859002635086,0.012106170587170596,0.07266307193635688,-0.0005676125590609542,-0.25701513857151786,-0.07002166638352865,0.13603000888815892,-0.02991353356542247,-0.059651891773589864,-0.25065739701511514,-0.03672010569204587,0.023759576225192616,0.3420899235247047,-0.03498219139146769,-0.3666930983539468,-0.3460672434065085,0.11857769947780152,0.00752291629858769,0.013261972425287462,0.09160887556031816,0.09155852315890621,-0.3099474214017586,0.11480724732021631,0.17846317050995497,0.03613605549340573,0.7123893875201104,0.03271711342714685,-0.0036803672155818925,0.08287498129239332,-0.32003160820412646,0.09103202144565514,0.0418451215643903,0.08686555806393977,0.2593971160089393,0.3610691779333333,-0.025231361237072127,0.09106541651189323,-0.002115371384921913,0.042673204411916736,0.17233498175827194,0.21790751294496669,-0.049835108010276456,-0.12289650870490809,0.03467444073648469,0.052324380264697594,0.1289808024996692,-0.4497109583073017,0.06186424261560656,0.28847856302904423,0.024269515584141324,-0.4590994879980167,True,-0.28338262748295917,-0.05441321591526717,-0.0030991927268053596,0.1959472760365571,0.22846338541193448,0.12640867227563066,-0.12402094737119922,-0.07333720962082649,-0.007268140391023328,0.07457187022848877,-0.036023493513002366,-0.19552473085930733,0.15735704617043828,0.30262806390430536,0.31433433147312706,-0.04544484861920534,-0.013029492517163475,-0.0007608686414396842,0.10829440780044174,-0.04950984558374812,0.27468433890062527,-0.21306013351266515,0.021017266664832213,-0.2645610198158361,-0.09312695478432145,0.38997943628458887,0.1354326071434455,-0.04864983280501967,0.11469669574682143,0.12491582946775849,0.0941822295856868,-0.4371064475604445,-0.05361661856095554,-0.010024198151341313,-0.23920034740127802,-0.17215941931338333,0.10714336203698457,0.005670785529965925,0.33931286717514725,-0.03012759866322334,-0.29046654621837936,0.19130064787188286,-0.41445967420506863,0.21345762004186497,-0.23046156678428234,-0.005754435250115537,0.17507590237144155,0.19830208702313673,0.3205099559134452,-0.0625963224774416,-0.3208317464300386
90,XGBoost_r16_BAG_L1,True,0.2521980929508349,0.011578195570869993,0.07520046245276764,0.003783991823240083,-0.25686186346981504,-0.07013673851355852,0.13534430154063076,-0.030640692166176185,-0.05877212741735879,-0.2506373944405015,-0.042210367199717796,0.020962794760005704,0.34136629934318846,-0.03648584043849366,-0.36602337418733877,-0.34747477971442076,0.11941957189207171,0.008088766342802799,0.011876512070892417,0.091521180251812,0.09379584035388161,-0.3091523838150347,0.11247420710313662,0.1802606753909069,0.03671778959355781,0.7216472509868206,0.03347401362684081,-0.010542060686659516,0.08023177253427421,-0.3189264164107467,0.09406252318791125,0.04142941672211352,0.08487398283730362,0.25612328708397675,0.3633240408004409,-0.02021117498239472,0.09036374461761804,-0.0036847655872602695,0.03966009187740519,0.17326341765954784,0.22321401397927876,-0.048434172050255235,-0.12462452090035156,0.0382684626567879,0.05331039921744515,0.1254179858116646,-0.44697613150371274,0.05786344258538457,0.2885515130871423,0.023454563924789697,-0.46062784675662866,True,-0.2810139720108267,-0.05738610642044862,0.0031184102899086286,0.20357320674416118,0.23097191370282136,0.1284478671429867,-0.13120440539369158,-0.07303328354079654,-0.0070465720166781,0.06625616287756805,-0.03783959988329667,-0.20388931435404015,0.1729323066384041,0.3140137219048644,0.3064703754610236,-0.04638124284358281,-0.009063757925457045,-0.001780705171502747,0.1228074315959943,-0.055331704050532546,0.28799103087205585,-0.221232439028623,0.024258012044503004,-0.27184540077356684,-0.1059631870512866,0.3964171770138787,0.14152821952599282,-0.04642822643126554,0.12253093320935787,0.12280182459857705,0.09749016879601248,-0.44819816265982276,-0.05426636266789531,-0.011525110301790908,-0.2405605384871092,-0.17725983084152663,0.1099662378578135,0.0023566897335840077,0.34914261896080334,-0.03752770221621261,-0.29516678940859425,0.19867482684076782,-0.4241004317550441,0.20443528951449097,-0.23567814647708338,-0.01174550545635224,0.1810436200716387,0.19680251258911405,0.3213301655979462,-0.06771998727253224,-0.3153184514646354
91,XGBoost_r60_BAG_L1,True,0.2566541793830314,0.012262860836606103,0.07644674404097408,0.005234653135547738,-0.24513581881874802,-0.07575866710479831,0.13942874052452744,-0.033173862319480774,-0.04697754903581579,-0.2524853899766464,-0.04918605846232388,0.023806538180492498,0.33903545253822603,-0.038456291080812936,-0.36426498820792613,-0.34596751266786774,0.11622813784893607,0.008393298525615869,0.011366118960470632,0.08954167409721783,0.09063388703911632,-0.30763086960991376,0.10871009461870818,0.18271195569009838,0.036019630683459876,0.7297419897460651,0.032959348301003624,-0.008732418957833043,0.07638966118389448,-0.31833990530834294,0.09215360690949059,0.04221363747950567,0.08101326958280851,0.25121123437856585,0.36474430061163077,-0.018492174590514773,0.09075946245460971,-0.004727421372920586,0.03733128523068284,0.16948496661154897,0.23007910024576742,-0.0480798398479431,-0.12243330685583831,0.04148355770327958,0.052067231599863276,0.12296137876704759,-0.4436879365753729,0.05420712437277411,0.28518852215678275,0.022487862033175484,-0.462364437609015,True,-0.29456997495077436,-0.07005310477626664,-0.020127750012961264,0.24844820623577468,0.26643346331216844,0.14119980521640343,-0.1274096577729024,-0.059899192336007684,-0.0018011960351056798,0.055939460904164094,-0.043870865617235785,-0.21330035332442376,0.14906271565097398,0.3160856175910455,0.31522740835926194,-0.06788051391721736,-0.02154959421834949,-0.0026293448311897525,0.10523308477771101,-0.05081979048489307,0.2700371822041056,-0.20136527745932176,0.02668570443953821,-0.27036907855744075,-0.08930359294284868,0.40051412559097616,0.17104731911835838,-0.03374862576634698,0.13329945767190046,0.1120385299538597,0.08576782600105388,-0.4465362221822943,-0.041194550326355384,0.030636923665380476,-0.24111589793804633,-0.19478269597067555,0.06787095359382408,-0.0008734732360991715,0.37654217108826255,-0.04286681812082814,-0.2819376606470071,0.190264414777317,-0.4107866924034139,0.16172869700210726,-0.20191772830576443,0.014332736790749727,0.18275694986198376,0.2226314435190043,0.26233932420250977,-0.09945104098579186,-0.2932191920321451
92,XGBoost_r79_BAG_L1,True,0.25609308466357134,0.01168159292416623,0.07916483662626501,0.003407562576458918,-0.2480984990268546,-0.07697601735413323,0.14302975419744055,-0.03483097125930544,-0.04602367232665519,-0.2513103610196159,-0.04748792885169345,0.02431136667625677,0.3399740444170147,-0.04051318179354558,-0.3657442830222738,-0.34515272377606243,0.11722014364184825,0.008212660289793922,0.01175104907983579,0.09049754919401033,0.08579901442257777,-0.3042226823803019,0.10745002063487487,0.1844867374285775,0.03578037283542135,0.7330067693058081,0.03335853037725242,-0.010497301932700223,0.07083659460929241,-0.31611174788493707,0.09260789373307181,0.04035690692139196,0.08241738190061154,0.253059643927623,0.3655662719095663,-0.01581218193349845,0.08974292034871864,-0.0036847247527654406,0.037551645320726426,0.17006168769174038,0.2340298147569412,-0.049098910976861296,-0.12278440933044871,0.040711124731031764,0.04907924135028571,0.12108161006591771,-0.4443934914492803,0.05389606957434108,0.28866397107646696,0.020772932489328377,-0.46787325921357903,True,-0.2948439184686624,-0.07193447529697772,-0.020028694865578546,0.25489931815292766,0.266580995941024,0.14243875808418827,-0.13191895369282194,-0.058764247296354905,-0.0019703210581772895,0.052550730796605716,-0.0424674988508069,-0.2169339785140053,0.1500246001911415,0.3206523732778144,0.315315515594165,-0.06580916118259648,-0.02307045449907552,-0.0013170987682121374,0.11083350395008933,-0.05488432357551194,0.27570526676511786,-0.20414882508711288,0.028379973923844802,-0.27387413655242576,-0.09173016601887503,0.40918212723809255,0.17245317989864284,-0.031556984389606905,0.13927377607842872,0.11031820317521854,0.083290292136365,-0.453345550762608,-0.042651509476736266,0.0278226601826656,-0.23993476223858343,-0.197678321036158,0.06699718373951935,-0.0027525024201143847,0.38136737808027943,-0.04434434290533821,-0.2859994571105704,0.1895555861018231,-0.4163147911772504,0.15899016586510722,-0.20256740353680833,0.014953543436451585,0.18347951318819644,0.22315214042463666,0.2680076288055571,-0.10156866710860146,-0.29246525935463324
93,CatBoost_r174_BAG_L1,True,0.2603783791225225,0.011131362215724137,0.0826617494837508,0.004614596045692813,-0.24929707628736308,-0.07628440943176665,0.1453803201512402,-0.037646746520754414,-0.04687537515279232,-0.25269115438985995,-0.050284972112055015,0.019624543401207246,0.34031006087960264,-0.042650849561249565,-0.3684880589347979,-0.3452617155498794,0.11793224430453048,0.008202105819609418,0.012619414101425065,0.0907999484352137,0.08701740891360979,-0.30552739463435086,0.10770914851414214,0.18768107537311216,0.03540906001255333,0.7376826854949052,0.034997700686125205,-0.010427242215125122,0.06921486427079364,-0.31908970981401485,0.09437943781495828,0.04087133192446318,0.08276159721563392,0.2550646618933685,0.36731224778891997,-0.015202639292200637,0.0906235676233294,-0.003994730620676022,0.037204671156348144,0.16964034813063925,0.23569719811382972,-0.04813272605970169,-0.12334870408513074,0.042622626032882374,0.04991326314831106,0.12074033638120144,-0.44535445802202606,0.05322402933732282,0.29032063435854294,0.019970178005481235,-0.47422534246661074,True,-0.29391114850220873,-0.07389020844001423,0.02138556416263003,0.23961573769266406,0.2681217064273868,0.14459602641632052,-0.1108430842411152,-0.05445112455014563,-0.003073251190184077,0.06430209363473527,-0.029141918068324,-0.20408832492951898,0.144736526919502,0.31022020630290836,0.3228975528230149,-0.061844497895539946,-0.04843678883379289,0.0003000447169696585,0.09746891993631174,-0.061692075324547804,0.24755275642723487,-0.18237335889056713,0.03961872550064083,-0.2601243520988455,-0.07398596435007977,0.4082990527553595,0.17414463612450426,-0.026613672350694107,0.11739591716620906,0.11428257304583166,0.09001068946006362,-0.4519445072624121,-0.055366735653343296,0.027383258987871154,-0.2478638908426105,-0.2131734862642812,0.07801297851313206,-0.004180710595105898,0.3677743821169288,-0.05127232841035402,-0.2803497266069775,0.19892677346215065,-0.4026538574802025,0.16063989456704092,-0.20911876774021554,0.03137925242152477,0.14852370236683538,0.21461877485021347,0.25356227419334576,-0.092864184488571,-0.2988233760270418
94,LightGBM_r67_BAG_L1,True,0.2460899748537832,0.009390590716915063,0.08820912254070534,-0.00550035966139608,-0.2679464930596373,-0.07814026891938648,0.14160133140837455,-0.05001814499186248,-0.040846615207036543,-0.24123647110071425,-0.06914957065529365,-0.014433613033808636,0.34128989856659797,0.005162071441694936,-0.37551289373802854,-0.34769034217952616,0.12158069581437392,0.006210742107566874,0.002117731020469769,0.09413215631956097,0.0965577688172528,-0.29519983138713707,0.10840539034760391,0.2027208803861695,0.033021836010798625,0.7657824722744251,0.01983400040803924,-0.019006826227699256,0.04730185079801516,-0.29852671296448874,0.10837761018508607,0.04418010745022196,0.08803719263111978,0.26933831503607986,0.3731956876113192,0.0015129891925154113,0.06321730788796917,-0.003917953176093433,0.0426656074027199,0.16238962596918363,0.2428017665664331,-0.043317560666602466,-0.12299993052757839,0.044491580322500626,0.051407632282291046,0.11133351431852273,-0.44792452527519677,0.06372796889089465,0.2981272984866892,0.01051604337751117,-0.48915366205299926,True,-0.29464375054036246,-0.07458837005206342,0.02059378475808942,0.2447634098249734,0.2693899538471618,0.14541578480431763,-0.1117728261856344,-0.05443687123862004,-0.0032812455943576554,0.061723395889082766,-0.028467378266302502,-0.2074519061884978,0.14555680707519772,0.3128793130027967,0.3233187150243263,-0.06123667409011079,-0.049512328195479724,0.00044959341522945724,0.10076795063646467,-0.06394815107528513,0.25183416949685783,-0.18323837788787198,0.04011976466973954,-0.2634428300209465,-0.07440415889440137,0.4141506095025221,0.17516179444376462,-0.026516969374212027,0.12120625722780576,0.11492861999533198,0.09104949621210125,-0.4574504042161469,-0.05602636979961697,0.025655288183939376,-0.2478584946846945,-0.2137776860372403,0.07683554939174887,-0.004928828120940873,0.36972577731064377,-0.0524273501590799,-0.2832475048913154,0.20001777247102182,-0.40619266145618904,0.1581388407142427,-0.21028772086226644,0.03266588899668994,0.14779224970590776,0.2144260313442916,0.25709564311795496,-0.0931974761425428,-0.3004957759161515
95,LightGBM_r98_BAG_L1,True,0.24376817933194436,0.008921443013960115,0.08689355964486174,-0.00843714105354847,-0.2657385904632597,-0.08312051570693338,0.14384254843176306,-0.029007976252367194,-0.03803800217836349,-0.23384736987535457,-0.0647910203735417,-0.010176967369042486,0.3441981526055053,0.0010947643791790662,-0.380976664427825,-0.34710815535259176,0.12140755632533444,0.005855445602212453,0.010936224284751725,0.09320524151586025,0.09545509848814869,-0.28626357846198625,0.09912623705391362,0.1936648026820531,0.03006827970345641,0.7632325833497691,0.01728795085179864,-0.013323270266388215,0.044395233121868466,-0.2879683228693964,0.10345480912425895,0.03057896545338541,0.08911075583147575,0.27252494535560323,0.372530679976714,-0.0027022260177827456,0.06172223158095761,-0.001423223815004793,0.04775358250382948,0.16273210483593095,0.2458795541517892,-0.05295424172813187,-0.1298276701073105,0.0442581254700029,0.047763315408459656,0.10955384482784675,-0.44923069413529704,0.06977183264653103,0.30159914235598073,0.009886722432225246,-0.49502668475051165,True,-0.29314661507538947,-0.0863035343637128,0.027141578971783584,0.2435295464283193,0.2557815353173029,0.15746988836383735,-0.11719978238584144,-0.058778866943703656,-0.0022911359131243484,0.034886441777704384,-0.028015341254233966,-0.21555322117606263,0.14727628611211668,0.317221493500369,0.33233874526191354,-0.050324016322986685,-0.044672682687317104,0.008513566830393029,0.10910019276175326,-0.09004038570757869,0.2715147228681539,-0.18410402261539704,0.04199744395640211,-0.27119692854197147,-0.08303802444613753,0.42506163206409775,0.1798411177057963,-0.02078016629556219,0.13857887235405175,0.12652853233071173,0.08293207683493253,-0.47535210653343485,-0.059877625178065864,0.03810034111603546,-0.2602369768460078,-0.22059145693235196,0.07267133945868746,-0.013978602910759181,0.39331203739696513,-0.07612967232603339,-0.29701256960375777,0.23661922177810923,-0.40575285265449,0.1413994267127604,-0.21832900733084545,0.0385415725990517,0.14433149724973923,0.18381915283499645,0.2845237637406745,-0.08326534678570384,-0.2782731854113783
96,LightGBM_r128_BAG_L1,True,0.23124259111610956,0.007414724728063842,0.08357349340024804,-0.003595587532352844,-0.2808806827097737,-0.08578759575106537,0.1413447210942258,0.00397972952290018,-0.06127347093683388,-0.22803217511664484,-0.047114872633190655,-0.015631031143771006,0.34177515153518234,0.006945447658854809,-0.38334676445615756,-0.35292809788475543,0.11572541738009896,0.006678785336253315,0.014241922282336507,0.10290175777716451,0.0949886643488389,-0.2765059277509994,0.09090239156036836,0.17242315975052472,0.029237778875642124,0.7552176850106945,0.006151929653365828,-0.02849650936147368,0.0517823138640108,-0.2796045960102254,0.07492179225833069,0.013470823936358244,0.09001473130494808,0.29353533785588476,0.38250292864538776,0.004243169573346635,0.03817065785738555,0.0010498282700615405,0.04440615014791707,0.179421104733146,0.24944099428081207,-0.05318868032895262,-0.12775970843831458,0.04272748648675705,0.05597135706296376,0.10449498569724543,-0.43547542625709895,0.07455191424665499,0.3021051497683318,0.010743534614927096,-0.49309911849857363,True,-0.2967880318870319,-0.07726293398745754,0.027362184655405075,0.21761420344723992,0.2719683284654507,0.15159092836654667,-0.0963423883383013,-0.05490303564562121,-0.009204961218279996,0.053897016756450596,-0.02125321262074205,-0.2127259817061943,0.1449102365929162,0.3225186801933488,0.3229711607131427,-0.06689487208733473,-0.04832564229568193,0.0022849145592648955,0.11336524908004496,-0.09512178950012926,0.24332785591854597,-0.18365540612400588,0.012029128785827391,-0.2610580108906896,-0.10157534785193857,0.4149832988463821,0.15885050326593486,-0.017851674152255165,0.12681298073649278,0.129777289042069,0.07766425748726209,-0.4484357848704285,-0.05757640988654847,0.05814999325415824,-0.26667156702566047,-0.2152519451575635,0.09142452699828511,-0.011561281632972834,0.38835360001410435,-0.06603190656363396,-0.27168357916533536,0.23095974889180038,-0.39635426536712065,0.14365474887398774,-0.2217435521375609,0.02699507814595394,0.15111907420354254,0.1990131677270269,0.2640099145504249,-0.07497349159422817,-0.25621436391443003
97,LightGBM_r150_BAG_L1,True,0.23152061110068545,0.009481612594218139,0.08939260989942344,-0.004145664350787864,-0.30468602032214187,-0.09543706755368202,0.14485830272752326,0.006933654056906634,-0.05537656030727618,-0.22319732336270479,-0.059765103604674005,-0.01279864101226242,0.34879776774197535,-0.005916101590788249,-0.38853488185919277,-0.33584423369295724,0.11258445062576054,0.005984364152402768,0.018865203048229758,0.10201705182439946,0.09662267021154669,-0.26592804632800365,0.08382399980504236,0.1800344052199057,0.029356353186350954,0.7533150768091492,0.010931119942274841,-0.012856412025207023,0.046160444923683236,-0.26584286015913017,0.07253934348079062,0.003912985760573611,0.09509894431578518,0.2908726959540795,0.3697503208031067,-0.0047798597423768865,0.03951290986709492,0.0024212826240363667,0.04508668629838126,0.18397052862292956,0.2588848674944662,-0.05743531736355414,-0.12762855414391974,0.044526733733503805,0.04311828361891174,0.10212245711161899,-0.43608581767642113,0.06466915702980121,0.30747348335216823,0.009444917958989258,-0.4872783807367441,True,-0.29753301740976457,-0.07784247526035143,0.027050314296126983,0.22058470726544765,0.27549581296140546,0.1534594636268717,-0.09707676843482478,-0.055159457304315214,-0.009362412567085364,0.05009630703223366,-0.020778916338863754,-0.2177958048074186,0.14249140558565987,0.3296074027418394,0.32306330155145657,-0.06724954563291664,-0.0496092720621164,0.003259521636273278,0.11675745649252683,-0.09830247492710545,0.24870772761507803,-0.18332297000454506,0.006809595017551609,-0.2659557996739549,-0.10322429233164182,0.42530921937054267,0.1562475576504968,-0.017911110860191766,0.13090942246937745,0.13165453849745562,0.07886835852138512,-0.45508833833484735,-0.05517677312805985,0.05763254127011364,-0.26693771541330324,-0.21351066599946292,0.09627274537375609,-0.012690441801683088,0.3903297177029662,-0.06829149132002853,-0.27834379151629257,0.23346400388299124,-0.40181564925708974,0.13624327089313634,-0.22045750011520093,0.032104134067525575,0.15005230869416644,0.19820695755617382,0.2689648037706824,-0.07591698489291292,-0.25767988511841866
98,XGBoost_r38_BAG_L1,True,0.23716164715838906,0.006900683061345642,0.09634483560056506,-0.0010286271896998793,-0.3120950453646564,-0.08224474542451665,0.1365498315251926,0.007145114722843584,-0.05864654565938221,-0.22221072550957485,-0.06743945841408726,-0.016221717342635396,0.3465210209385732,-0.00251119829554211,-0.3901329448619245,-0.3341259866007003,0.11448484457767427,0.005126585814089831,0.015086721816289493,0.10201625205151815,0.10756549212382552,-0.26641746319474324,0.0859741169780814,0.17169234581552265,0.030590246044083908,0.758847131338726,0.009063983284702641,-0.021000974780456396,0.0414614507825834,-0.2620330391533437,0.07668548836899675,0.006745027106762031,0.09228469609763908,0.29389478407450387,0.37336321700772185,0.007828556933964389,0.04019089904627022,-0.00035716740039462683,0.05115314972007297,0.17825159724012096,0.25993833314383774,-0.06256110582482417,-0.1284311614512325,0.04994577807867582,0.045696116090002174,0.09851456411056408,-0.4392692312650443,0.06613769379025622,0.30837135695810824,0.007381128852914676,-0.49612684114300465,True,-0.29871059525757804,-0.07957839931678594,0.028016588722595374,0.22518611031791516,0.27586044718104663,0.15485446392023344,-0.09880332887897762,-0.055442099030086754,-0.009416629553681081,0.047781389766566325,-0.01888690098694062,-0.22232852585982993,0.14183831677477154,0.33177669666251786,0.3218102731342824,-0.06565594835568993,-0.05256056642803111,0.0047234229919080085,0.11888021970740903,-0.1008155749505763,0.2530751420076162,-0.1857966850383362,0.008400069761583787,-0.267837295896542,-0.10314011569524828,0.43327445735516906,0.15500593138058563,-0.016583359264831544,0.13488389980862492,0.13188477345413777,0.07908875147386309,-0.459263328447297,-0.057138354315134005,0.05764221855571644,-0.2667471514492805,-0.21454439324008584,0.09759113874118466,-0.013667611704038862,0.3946172634406005,-0.06920714294078548,-0.2823183719434996,0.23289793469649916,-0.4052757474965099,0.13170600091506104,-0.2183951022231286,0.03340984589373238,0.14877133392776476,0.19818365209765124,0.2727732423865825,-0.07490852981250691,-0.2594370798471392
99,LightGBM_r153_BAG_L1,True,0.24354406751085478,0.005542772999586116,0.10423843655249136,0.0030183849481473447,-0.3085755537085522,-0.08005196193051516,0.14505059755284577,-0.0006776436094927297,-0.061634819160325795,-0.22662906796893417,-0.05992667487961474,-0.033203520524415095,0.34598167222916404,-0.008299761173003697,-0.39242917088893653,-0.3413389184472068,0.1141158901231108,0.005710260981427035,0.01836951885677392,0.10469652604644174,0.10476812053429599,-0.26948109599370457,0.08646486867259646,0.1815898328393763,0.028360707988760926,0.7717628348868179,0.007645280208208748,-0.02625631018377155,0.0402204214448571,-0.27224742204074703,0.07106150099674913,0.00910967567566415,0.09192403247315258,0.2975371160807019,0.3823205356015647,0.009083434211848549,0.039331987229657125,-0.00026334171914946746,0.04770841756675015,0.17560079558791186,0.26046485076044995,-0.058812604490110436,-0.12599248265548196,0.050303720845504586,0.052974411725835654,0.09769842410650004,-0.4381609140584301,0.07051909338901659,0.3092646301965829,0.005694580453168871,-0.5107096557799532,True,-0.30068817329902464,-0.08066845724822079,0.026668710917573155,0.22713563326011,0.2786597711733136,0.15611327394549526,-0.097185197619346,-0.05426416169175314,-0.010156534903456338,0.04682441452198477,-0.014839437798510251,-0.22613220500792913,0.14336254532774412,0.33463660896453684,0.32418489708399745,-0.06640712403427347,-0.05476533293143908,0.0052584122090159145,0.1208484301344295,-0.10711279916831186,0.25745430802722585,-0.18645251234259297,0.008004400665321215,-0.2680677949437293,-0.10191518696416724,0.43277274542900673,0.149156273482149,-0.016784222111433097,0.14137859633733862,0.13351286801068107,0.08199371763531135,-0.4584789534492499,-0.05658406837594926,0.0579684389215842,-0.2681315716937696,-0.21651409062725846,0.0941439435712191,-0.014558531476776663,0.39780144595352745,-0.0716557729111505,-0.28599712353847573,0.23601482996447395,-0.4114625509864095,0.1270561397074687,-0.22134120568195578,0.03674720838176277,0.15060928043604696,0.19930752762940376,0.27737126467500417,-0.07506280925210088,-0.2597095621002978
100,LightGBM_r72_BAG_L1,True,0.24231889526032435,0.005178921269268543,0.10715464416019259,0.008115489434745528,-0.30656429038538635,-0.08234131523034761,0.13580361934747434,0.008764632218270412,-0.06336971364930713,-0.2265468040643038,-0.0586313163217742,-0.028562431516584223,0.3475769823050012,-0.006728651282939814,-0.38842064341573584,-0.3410392872607218,0.11276524947261833,0.006451147853879724,0.02309734175108635,0.10468306420103449,0.10453641421672186,-0.26764924261850015,0.08020665244602009,0.18338933836155458,0.026052170394906038,0.7669257235871563,0.0054982927812664145,-0.029093786976682252,0.05481969980738058,-0.26561206586936836,0.07068520163878599,-0.00674449947900679,0.09575444336054835,0.3006199951952132,0.38085179185328144,0.006944805336494288,0.03611473810265283,0.00034316510229356255,0.043693941650867596,0.1790929859404571,0.268149199049555,-0.062431728218674785,-0.12540963509894237,0.0488887835611241,0.04625173960746888,0.09232065433210093,-0.4367574376299504,0.07583145995889373,0.3079037545612065,0.007064137262939827,-0.5093599478022066,True,-0.294302794964407,-0.08297157102311736,0.03463845370667696,0.22149999487275857,0.27554602707605663,0.15657221154034487,-0.11671501632410755,-0.07418273560864337,-0.009194904457379612,0.03590852629118101,-0.011973568617784616,-0.22551560985050562,0.1467958438522212,0.3351396769579966,0.32692113443084114,-0.062270105612706315,-0.04353036695894441,0.008883444608646896,0.11563461835620215,-0.11039111047963998,0.2628024518716901,-0.18483340609247503,0.017456374729750354,-0.2808961688094185,-0.09587309559350284,0.43429165386200574,0.15801497910468695,-0.010433046310908568,0.14425573076721987,0.12830057567183348,0.07670109552677531,-0.46310202439963893,-0.041752414035114316,0.05248478205046248,-0.2573496963692211,-0.22111505156404446,0.09645855606072132,-0.018201189829424137,0.41329847347494475,-0.09369808534204604,-0.29060751936882334,0.24474043513660185,-0.41075244281755735,0.11937827037324944,-0.21359604184396322,0.03237950867375619,0.1495788157478338,0.18510216110093045,0.2873549762794459,-0.08848704526216143,-0.2541314340591949
101,XGBoost_r15_BAG_L1,True,0.24637402754240448,0.0044538338680309136,0.1119974458475108,0.008899770597681994,-0.3127648222735131,-0.08052786858694005,0.1367636938567833,0.007618330690710276,-0.06637031852562977,-0.22650395796921782,-0.06018157618962182,-0.03295308819946457,0.34893426499418717,-0.00802073663346972,-0.3916827491940061,-0.3421139767911414,0.11446169754942098,0.006323961419145409,0.023493997000621755,0.10562560511337665,0.10767477990568154,-0.2687561212592302,0.08031594380092845,0.18561897056927715,0.025708352843564753,0.7728423354648616,0.005426048744008361,-0.03126884728005559,0.054599444709490345,-0.26683867325380595,0.07321890921085134,-0.0072736125142373485,0.09551904071583771,0.3027755163657751,0.38292549501187184,0.007372836627389577,0.0336238061047071,0.0003601261572248192,0.043654016366144466,0.18111297801107118,0.27112343198383837,-0.0597594466653473,-0.1263812378341924,0.051344847849257594,0.04669776163026236,0.09044891629914438,-0.43805298728247255,0.0751969340719101,0.31044493979353566,0.005957006353976995,-0.5162765877849421,True,-0.2978242228309298,-0.0851157384102971,0.04078096755336827,0.23258770570344933,0.2862320056804215,0.15779670339112603,-0.11968795942159616,-0.06589278873265725,-0.006634269738846733,0.03173900280857347,-0.012223238802918892,-0.22421145544541535,0.1422749950562616,0.33909204593550984,0.3228721002000846,-0.06568601772214179,-0.0467762285362544,0.0087372557544669,0.11519517663617038,-0.10899586670263696,0.2737360827153425,-0.19012876955520824,0.013923129003885988,-0.2864480931108976,-0.09821881070326176,0.4382990747909744,0.1550570066446573,-0.008064287490479896,0.16071311846972666,0.12781424419885667,0.07971638593154219,-0.4767215005708094,-0.04191671308800697,0.06154071532881651,-0.2623604528680913,-0.2244140082837707,0.09948663355744194,-0.017410346565724658,0.4233465645824654,-0.10318240532154765,-0.2929925480798797,0.25081399406383775,-0.4144010647347475,0.10175537826546692,-0.21330137720405873,0.03548591987558276,0.14720390989880464,0.18903537257353378,0.28299793976040805,-0.09012271581498395,-0.25085950401970275
102,XGBoost_r161_BAG_L1,True,0.2598417615034438,0.005581145131829614,0.11247821351844439,0.007379428045968629,-0.31496577809618753,-0.0927119356996009,0.13851446072976234,0.006081395745718385,-0.04000591009329674,-0.21975655023931118,-0.07749387798976146,-0.023788259880150826,0.35198782069338314,0.0003082316728839756,-0.38341903700526414,-0.34934115907633784,0.11324108587403431,0.007633221351298171,0.017748157039249948,0.1027843546622346,0.1039881285827683,-0.2668643097415239,0.07041265030675782,0.1780557149211858,0.024699686026906788,0.7871476865668559,0.008058885953039895,-0.02484210553180383,0.05069484699769619,-0.25574798205294913,0.07563633807834116,-0.008152423723798742,0.0898232072243967,0.2952420391091948,0.38896224706058885,0.009810866678007738,0.013003641598122341,-0.0022160850629508715,0.04033041785118089,0.18437775345125576,0.2903886573215566,-0.04997585898577151,-0.131430402423725,0.06579671084145972,0.04296656771728043,0.08721175351414179,-0.42847502786095465,0.06671881084719795,0.29547345605950476,0.0010059787576556663,-0.5166947508157346,True,-0.2963067208897524,-0.08575466010184671,0.02857244722475695,0.23113896285492283,0.28497138527095334,0.1569184016206858,-0.11773568826295429,-0.05781494705684133,-0.004456589199257265,0.032389879109758914,-0.010857400056553338,-0.21895003883266917,0.12790589354586232,0.34865306192716294,0.33622706505566063,-0.062237715965411576,-0.044235860517814966,0.008522052261373772,0.11164888390824314,-0.10230314086279468,0.26932867946009664,-0.18930967071302934,0.01807730965542665,-0.2919147629055295,-0.09593581941005139,0.44783760867530714,0.16686952628662105,-0.007540898210415356,0.18413699709980122,0.12048260419062322,0.06702104091198466,-0.4862428458359536,-0.05933343694519757,0.04667686723750458,-0.2542583506467561,-0.22771601095569943,0.10047379731969547,-0.018207951988384347,0.41675852227123517,-0.09664835398821257,-0.2967477104746486,0.24585893720296015,-0.420407241120401,0.0994374745672583,-0.22193866261716114,0.048314688711730884,0.14642197744524135,0.18800651703104418,0.2930039950450043,-0.10303967109233095,-0.2483037545778135
103,LightGBM_r34_BAG_L1,True,0.26406562223413854,0.005355056995317326,0.11257450813534726,-0.008814223804121071,-0.31531115989542463,-0.09267685591582565,0.13852911045336236,0.0043119679447694206,-0.03739681694409865,-0.2157157747435123,-0.07687043084952282,-0.02959953214950683,0.35202285477525364,0.011021551430012978,-0.3873073146995158,-0.356175084995441,0.1132642625895212,0.006974904686062087,0.0164948626756819,0.10432649226837568,0.10364255285011595,-0.2662389335908885,0.07159339293335187,0.18140879655464176,0.022463284755229608,0.7955034062725421,0.010794620318350098,-0.0271515727337798,0.04602483154130381,-0.24941213274854854,0.07349770963592824,-0.00566884293307656,0.08895146413288112,0.2985730863942841,0.3945224088106599,0.007219104000977238,0.002709948341711333,-0.0016036586743828811,0.04148223019007351,0.18408898597344095,0.2891656149772331,-0.04784303999726019,-0.13112845100072232,0.07100420509800527,0.04435014397584031,0.08569691362559836,-0.4282296859596276,0.0756680176988975,0.2963617321735826,-0.000825763936478437,-0.5223462344656693,True,-0.28878155860972354,-0.09082804217116698,0.02811263685455223,0.2551040504460197,0.27940814413310555,0.16198951423174712,-0.11472822934777457,-0.05452089852983529,-0.00395058584048522,0.021882570637580145,-0.00954898081142537,-0.22130491250337148,0.12704431177362954,0.34257222195341747,0.34796978625316277,-0.058828465579694254,-0.04379504043215387,0.00622387762854857,0.11873825356019581,-0.10300865900147299,0.2712387916324137,-0.189155184411214,0.021848921483573713,-0.30730207040260893,-0.10089444894709398,0.4398786244904324,0.17134428940329657,-0.008457515080806891,0.1840701052234094,0.11815241466733287,0.06730482214960926,-0.4922823049655884,-0.06107151940238254,0.03357687359359136,-0.2562530478510814,-0.23571951941264047,0.10159330803640233,-0.019008872318396326,0.41241282891309977,-0.09119076959256607,-0.30116410582327086,0.24055596215020442,-0.4139692009510804,0.10321515659707566,-0.2221085185074985,0.05521962101986141,0.14916885699582544,0.1881624455046873,0.28522801051385815,-0.11054892217878666,-0.24050119958662
104,LightGBM_r198_BAG_L1,True,0.26572175274595683,0.005727754723945449,0.11485988626305688,-0.012617417337212493,-0.31542686364670475,-0.09246945561340716,0.13913226919985672,-0.000849573943878597,-0.038872211547362624,-0.2146421478272428,-0.07479295897568912,-0.029616526702391704,0.35107589621599655,0.007100310787445242,-0.3868645141116306,-0.352872900447,0.11291633980125453,0.006334269510057414,0.01696643974292988,0.10509347127048038,0.10105937318802469,-0.26664644299020046,0.07476208542783525,0.1869516434768559,0.02234967355352255,0.7997716820706814,0.008703746232668043,-0.02811789970332821,0.04888387837613724,-0.248792712721477,0.07043365921408819,-0.0051126176558635395,0.09059710483781115,0.30119250567558636,0.3940982917868133,0.003918597661902954,0.002589779724755551,-0.0006530500148368127,0.04128048290661866,0.1847224171424502,0.28864691822886235,-0.04580047079961213,-0.129423058268537,0.06825204039008537,0.043650308132655476,0.08548422023598766,-0.42950521588025475,0.07341353079408766,0.29777966263245076,-0.0016052891836475138,-0.5274895324775714,True,-0.28794896011333093,-0.09297066065626518,0.02783462617212002,0.2583889028095616,0.2785327613703974,0.16396106965201668,-0.11314271771847857,-0.05366437980401878,-0.0021071886362117043,0.019932189722252074,-0.008670503084724678,-0.22605480672880096,0.12465329135472919,0.34782762765343644,0.34636811913071325,-0.05902626007437175,-0.04829303454081095,0.006530171919366273,0.12131915730532229,-0.10551975021873858,0.2739008590890131,-0.19108600654943486,0.016379986996961672,-0.30776411046075275,-0.10291013626443474,0.44746594714561344,0.1685523224306344,-0.010263211186144995,0.18851790560589854,0.11861045131682395,0.0681534085007558,-0.49854881372208254,-0.05842760431335168,0.03536749930001084,-0.25494056356547645,-0.23313060980346514,0.09717502007201653,-0.020192799047909667,0.41494902035063463,-0.09324827767675617,-0.307305205175336,0.24146067063842488,-0.4134094010877896,0.10124588013455416,-0.22430401660440819,0.05838308505679743,0.14904714593447177,0.18768118201241704,0.2891171226308855,-0.10737121949568698,-0.23745359108072311
105,XGBoost_r100_BAG_L1,True,0.2443799807298542,0.005052904807850151,0.12948911559626552,-0.03322151271463908,-0.3035732083225293,-0.10071219227372609,0.1618131742834667,-0.02074643024706657,-0.03703478272490905,-0.20970434165892424,-0.06805541886231198,-0.022135746286294306,0.34386384589277413,-0.011155898203444953,-0.3807966701988876,-0.3508601193629583,0.11075418645075752,0.002179635859765,0.019015263090582084,0.10725094419377387,0.07859657162809362,-0.2620804073140415,0.07883284494431936,0.20253980111308542,0.01988624288243189,0.8147148093360858,-0.0007406516102552198,-0.017974868146082335,0.04811442504057394,-0.2473277716709448,0.06279469778396242,-0.007294290313485864,0.09704716486094972,0.3140068369402551,0.399603614503387,-0.004313252076009942,-0.011501416278968524,0.008814326813943642,0.037768946652835395,0.18542063201307568,0.31089001834750707,-0.04006820684260436,-0.12073016852683698,0.059776832140335065,0.040958122146675054,0.0826110842055852,-0.4329981294978321,0.07105699070511283,0.3044182733845013,-0.006384679747992904,-0.5459387973225688,True,-0.2761335233161511,-0.09767653801383251,0.04702070031687367,0.2551933977182071,0.27085005611698887,0.16631129766965055,-0.12547430084689612,-0.03905567316635833,-0.0002617593555129719,0.018189117549719414,-0.017224578135055398,-0.21219562278770812,0.11906560786791262,0.33978827026216385,0.3396770968538169,-0.05651836696218187,-0.06073752692537796,0.019030368735402686,0.12100294717872637,-0.10828660084882602,0.2635796844049246,-0.19739007095603062,0.041884696999033195,-0.2936035242123666,-0.1263573790231055,0.45623956824428746,0.16949581132917008,-0.005695248137570754,0.18951799520776735,0.0927851590813799,0.058148925378282416,-0.494801931606119,-0.026656712848301307,0.03845479699042117,-0.2498279563417548,-0.2247215213972559,0.08384666038885524,-0.02870713567711637,0.41162593011426574,-0.09532735587042178,-0.3236104592107434,0.2298220245161506,-0.4229076251424066,0.11496671781304556,-0.23991149188613137,0.059976135699852065,0.15291345718420155,0.19937871566196075,0.28206333520912286,-0.12278591199358822,-0.2056161083878061
106,ExtraTrees_r41_BAG_L1,True,0.34255371384902905,0.0083060712623903,0.21982349942617888,-0.07573556091397142,-0.3167516825585518,-0.09122618840676398,0.20457034514798225,-0.000688995945205531,-0.04946763154302345,-0.20995579186010194,-0.1416361051429757,-0.05773447618146034,0.35359943482241823,-0.06945328457682903,-0.3803823267595024,-0.2900226596231132,0.10538806650086692,-0.012096022223088084,0.03873573591344625,0.11201273600580339,0.23323629107980592,-0.2682177183297378,0.07746077540985766,0.22521165624376294,0.017192382333468124,0.906646004958732,-0.05295676111279236,-0.047183942517335924,0.047341767483848024,-0.23821991531920714,-0.025950250894856326,-0.014318431663668911,0.1183588703860575,0.2494809452069843,0.3617021769354396,-0.030739627934251803,-0.010403816976780162,0.00924348939276446,0.04930919660661601,0.1913481688367008,0.3275740803825874,-0.041176039879701525,-0.09623264518784255,0.04222457961142645,0.046855355059196406,0.03593727174409074,-0.45712991881433257,0.06446693468386872,0.31993983211504695,-0.0023443233614712684,-0.587092288609899,True,-0.27485170306844725,-0.09844563354610143,0.047715640879633536,0.2558383601425143,0.2704916154989089,0.1659290657439905,-0.1255663959356692,-0.03587126834566232,0.00023514794645738523,0.019470449662658262,-0.013673520557325704,-0.211790686214802,0.12050141102286681,0.3448322994250073,0.33556334791693254,-0.05456659904415924,-0.0589129203937611,0.019136808342205082,0.12571428020572034,-0.11126786023814302,0.2660695357566126,-0.20087621641045555,0.03957850222972373,-0.29569375769448053,-0.12719193742029408,0.46219918457809445,0.17134215464461267,-0.005126607545621568,0.19072100122485794,0.08908933044364147,0.05735805143503318,-0.5001716842930016,-0.030763589508658522,0.035845214495895124,-0.2490679534064894,-0.22357516248446302,0.08542546270308556,-0.028947337139820405,0.41410350110248284,-0.09536957470618558,-0.32949988695934673,0.2301173205783384,-0.42684963811445126,0.11498883152184902,-0.24239685724001334,0.05948837098604118,0.15084701953570764,0.19946139803334909,0.2872923170520853,-0.12206275391483258,-0.20742545864704945
107,LightGBM_r199_BAG_L1,True,0.3418444405531921,0.008383855205169271,0.21791454284696285,-0.06852817331132481,-0.31159234573008704,-0.08786660875902529,0.20586100629454573,-0.002483730293689695,-0.05095744711776404,-0.21120830255283832,-0.13899115474857412,-0.04591329439925499,0.35067888925361407,-0.0771098099468669,-0.3787291534088638,-0.27723140532113205,0.10585313747031116,-0.012754975890810764,0.03985343767268015,0.11153784528384311,0.22746149525695986,-0.26876028055747386,0.08239188185515317,0.2190595035175895,0.019537208131895162,0.8991007206834848,-0.05112473591100311,-0.04642862538536948,0.04234356648491619,-0.24611680645577858,-0.02628466385315714,-0.013484001912018094,0.11882214030745136,0.24853800715649443,0.35619463981394134,-0.025799582248779106,0.00587519226291449,0.009038029209508953,0.05560065917989263,0.18833234084533587,0.32056809022562505,-0.046056084690463246,-0.09917458723079013,0.03606380035705807,0.04747826842425395,0.040791106134407056,-0.4625744143452176,0.05340346830161614,0.3174123812690761,-0.0021289132513624283,-0.5916327172153233,True,-0.27146524493355784,-0.0966734511276559,0.04929108667392864,0.26238363409642157,0.26835419956562734,0.1639043493653572,-0.1250641166458806,-0.030047680236085828,-0.0008946153934316197,0.02122374789491923,-0.010356082016670787,-0.21663507860768333,0.12032615809930522,0.3394651434183674,0.34524562150801896,-0.0526294942724898,-0.05579770518310472,0.01880799676852486,0.13261821311562097,-0.11317569851571833,0.26755818373199003,-0.19806802457552927,0.044043282601986554,-0.3037277036557986,-0.13181865979567128,0.46515122335677106,0.16854327461460822,-0.00563046356964976,0.19182567981603738,0.08295961464955588,0.05254414902116072,-0.4989529458222693,-0.03177870313575441,0.024485489207226943,-0.24925615248635563,-0.22447901471354376,0.09077149271269608,-0.028839418848043467,0.41122467138285707,-0.09280017315723584,-0.335030628014184,0.2257794493505061,-0.4304793823913929,0.11248434870323228,-0.23968117865333186,0.06529471321245375,0.15022691980126593,0.20287418597531376,0.2910703077274567,-0.13649562689700767,-0.2046960767240213
108,XGBoost_r33_BAG_L1,True,0.3256974189540684,0.007747957573162383,0.20797410606330935,-0.07571777380014995,-0.29797249034506545,-0.08502533688675831,0.20392132713303293,0.006274003250747032,-0.07255878800247532,-0.21115795275289284,-0.14580394400060268,-0.04968104063619479,0.3434695907903722,-0.06009081790610357,-0.37576269165584325,-0.2815468844012866,0.1036447075888083,-0.017157478722014275,0.0435176781609775,0.11973880229875655,0.23964253215059422,-0.27386965480469305,0.0951609981934947,0.207762829495587,0.01754777496083843,0.8944489999595607,-0.053252228425674675,-0.044176345842512094,0.04565470092703777,-0.2588953134200166,-0.036281299077471886,-0.013851940798683453,0.12722572651915626,0.26249378824353004,0.3602605923026396,-0.0449102461515222,0.005488975122858997,0.013499208503492626,0.05187554819481193,0.19638887604058106,0.3124941107774376,-0.03478723999606765,-0.0996873764576202,0.029884125662520612,0.06047045923188413,0.04797362028318195,-0.46223968326549186,0.05299485286586908,0.31729762041355386,0.003477737833467023,-0.5893833611749631,True,-0.2732845969445573,-0.09518757396470805,0.05069992764112888,0.2657869538883729,0.27365254882306844,0.16271428195872487,-0.1266610315900914,-0.027537768669115288,-0.0030672489672896046,0.018601299338284655,-0.013156681585503847,-0.21782643416129016,0.12133609596679797,0.34180207824736186,0.3471820139454904,-0.053533273324170044,-0.057132451763421285,0.021721881488488918,0.13847141557896026,-0.11979413374595722,0.2702338501413143,-0.2006794160495738,0.04884241088124065,-0.30380949896458376,-0.13150085265010175,0.47562705976064773,0.17066059100330827,-0.0033570425692520133,0.2012441097153721,0.08304549333719537,0.05608499715220132,-0.5026213619949013,-0.032858825825790375,0.018782749409197497,-0.24746794587558632,-0.22862350567007195,0.0863800023093794,-0.03012340488119402,0.40840126668911786,-0.0920288792974855,-0.3294057189808931,0.2236929676039892,-0.4368103188841631,0.1048455521839513,-0.24351778283747996,0.06897632769127113,0.1487246726996855,0.20663856158569308,0.2892660575209153,-0.1417817331594606,-0.21024271375238465
109,XGBoost_r163_BAG_L1,True,0.32343177919025734,0.007743198258456879,0.2046587935736161,-0.07807082651914153,-0.2960312174968022,-0.08799570003531815,0.20934309771503898,0.008861256993276693,-0.07227599997680413,-0.21090470612380732,-0.14566481054830305,-0.050626695662346934,0.3443179586290176,-0.054505808438542094,-0.37728414971975666,-0.28171842426759347,0.10452769435577157,-0.017607025535810953,0.04411420546734559,0.12062557775471446,0.2419437858505643,-0.2746320886261684,0.09621469288914236,0.19847663537596472,0.017445068034731132,0.894566736269227,-0.0523200890875509,-0.04114405183020908,0.04250348828771762,-0.26376871461728785,-0.035426125074091847,-0.014701899410081582,0.12924444197405696,0.26305837592508635,0.3597917953002187,-0.04885533262891559,0.0057628035726977386,0.014862828924327491,0.05135791852287853,0.20138637868676076,0.31167243411518225,-0.031236817915157887,-0.10140868353322594,0.02770314838294256,0.06293778879867187,0.0509039902754819,-0.46261209437797324,0.049909102680996416,0.3158397844372647,0.0042382014734355725,-0.5904803344767737,True,-0.273009172351696,-0.09594923221109118,0.051758871729961894,0.27032524758607673,0.2736591660316495,0.16332401298642085,-0.12706169402413253,-0.028920245840493145,-0.002751245897347237,0.017670320038902357,-0.011725110633727633,-0.22254686012736402,0.12363051870143589,0.3424050979360276,0.3470258046858505,-0.05315359702468529,-0.05940549830280227,0.020867756940449463,0.14187180376595387,-0.12049260405258536,0.27497942696995287,-0.20148214477452456,0.04923924445161922,-0.3073351360890005,-0.13429850399466292,0.4826680606927912,0.16864154959975136,-0.004330728152907051,0.20618243317186138,0.08284561289927428,0.05399295150221161,-0.507698436005313,-0.03142560188337348,0.018308182189123272,-0.24779618457743044,-0.22798048480749736,0.08591460841472787,-0.030458518085804506,0.41144151187586847,-0.09367875712043502,-0.3339167204281235,0.22447036786781482,-0.43882616444317174,0.10330327491159418,-0.2447347364271472,0.0698971044666354,0.14810231694516574,0.20716995007212435,0.2920271045210049,-0.14287708625751266,-0.20785797119163232
110,XGBoost_r49_BAG_L1,True,0.28867705656767223,0.00629462070167853,0.2020706187616241,-0.07695369463454091,-0.25250147194876965,-0.0945129777147175,0.23521559811627954,0.03334047229077105,-0.07611979348191115,-0.2102008987814526,-0.10450694313150617,-0.08031908433554617,0.33111135022391897,-0.053271986895233145,-0.3705060373105924,-0.29509364311323033,0.09590064267514588,-0.017049441853808314,0.05692540773704427,0.11209370119286624,0.24079662982748146,-0.2940143626507397,0.09141192869778467,0.18812111757804897,0.01344745184193579,0.9017796830127008,-0.07845366676289504,-0.028150723558058005,0.08453518582063684,-0.2969647227227269,-0.031994664719090946,-0.02869263879921149,0.11471443970020168,0.24737876971751063,0.36051154117300543,-0.07702136898780039,0.006449823091200801,0.023917523272044744,0.04551953510761762,0.2189962441586285,0.29981215432794184,-0.03362443729404767,-0.09870010762066814,0.03378919389676843,0.10102498482400503,0.06006823135842055,-0.46586839794290663,0.05812574771331555,0.29496743536979203,0.014813579855277103,-0.5626787234897389,True,-0.2716861222272751,-0.09127942696525614,0.06097716141359657,0.25239664201068956,0.2815412573461167,0.1580466364384677,-0.1326766746981909,-0.016460494234373846,-0.003374855193292975,0.02108503101591956,-0.009604111054592175,-0.21870417935711295,0.11171393742784788,0.356750282011344,0.3477469782225665,-0.05851911297604324,-0.06344753532250949,0.024346728067626847,0.13813882619291504,-0.11832691876477283,0.269606830881695,-0.2125650847393362,0.04260858653697295,-0.31609903633345987,-0.1496770978735488,0.49243263922262104,0.16703942294575158,0.0022143262580928916,0.2128972042911693,0.07393226375627697,0.03511350926375964,-0.4984443006476094,-0.02323495848618512,0.03120249981328697,-0.24993767706594594,-0.22632544638054242,0.09782648731882528,-0.027831721591140387,0.41246454958116285,-0.09157116535426255,-0.334439428750876,0.21626554841935514,-0.443413381461993,0.09554240362343495,-0.23824571163996008,0.07033645787495293,0.1512703618560023,0.21700371244303873,0.2800635827068084,-0.1480038206907072,-0.18311107190668613
111,XGBoost_r187_BAG_L1,True,0.2973789017155575,0.006227651929001402,0.20518504906052193,-0.07699664519892668,-0.2553056705297816,-0.0954210725834907,0.2379522009053611,0.03620945232795847,-0.0671709054283107,-0.2090220092710139,-0.10926207810560853,-0.07926470910490034,0.33332360407397343,-0.05385478985765825,-0.3635899664784222,-0.3000110194593252,0.09713248094644955,-0.01588067173243622,0.0541696598486709,0.10865405961654716,0.2426607907553872,-0.29484569648504927,0.08552145475148372,0.18093008702939314,0.013635923265870577,0.9076259216569008,-0.07667076797099953,-0.030558704632847728,0.08227911660401029,-0.2942488519859988,-0.026997677681055654,-0.028134501263954295,0.11059436156215507,0.23847313062804434,0.36060182889788894,-0.06971477730836942,0.000341904438865582,0.02160468636110136,0.04569386994295917,0.21890297606688372,0.3053851735058366,-0.03863899391185812,-0.10076118339538324,0.0414398684611122,0.10082802560700706,0.05784717149882541,-0.4646965714214719,0.06266297056089969,0.2901685122384946,0.01449635832511198,-0.554972847328094,True,-0.2666962751521429,-0.09314777874104006,0.049556938642583925,0.20974360097466213,0.2663841339996192,0.15753861035173064,-0.14326418786300582,-0.004592799529372452,-0.0005509495039725018,0.025513344261100877,-0.00850580390394988,-0.21457827351026892,0.11335348067468302,0.3431038777381608,0.3617573658928071,-0.04765481532379427,-0.10071717578693339,0.026761575595890565,0.13250901313704339,-0.14681788390507652,0.259122649225067,-0.19351630411394716,0.049593963501949195,-0.3085278343636831,-0.12545939704295442,0.4772170852023959,0.18883362908698756,0.007905803715223696,0.20265953332374154,0.07054763031180396,0.05568183606899137,-0.4657105214376744,-0.009225255957762461,0.016678249753144452,-0.2244651223256657,-0.25088784050961027,0.07698571392623424,-0.027129887868778332,0.38887744675361813,-0.043650187761382235,-0.32881325454734467,0.18575931340503304,-0.4482714952130716,0.11131670801142804,-0.23150780897781276,0.04934244880584832,0.1681796022635318,0.19912486786022293,0.2895354957471758,-0.11626767163485888,-0.19026047893391468
112,XGBoost_r110_BAG_L1,True,0.29617230663991245,0.005600673724626085,0.2042763514722119,-0.07959397185768369,-0.2680728633722069,-0.0925228165996855,0.23232159504166314,0.03448494944301369,-0.07049289814515701,-0.20502573732322044,-0.11575246195258314,-0.07724917920946849,0.3367907477094213,-0.043356366139423695,-0.36756629560777165,-0.30126911289429414,0.1009769475995441,-0.017287497677291937,0.05296509574685103,0.11252021453432026,0.24627351131965028,-0.29839175691995384,0.08989511160838778,0.1819156291564291,0.014351025173110588,0.9032285839790254,-0.07336605885522506,-0.028667702633585947,0.08342165940870039,-0.2946362224165223,-0.021068916260463123,-0.02962707525015196,0.11526689453515893,0.24031769229922897,0.36152932126748566,-0.07419266940688116,-0.000423153958109036,0.022707387194202545,0.04761859845555815,0.2261678854273003,0.3046610658629451,-0.029468244248951413,-0.10758961087729967,0.04367124458145545,0.10133265073439444,0.0597989345824389,-0.468978257869983,0.05446134870246155,0.2890607386280095,0.013840747404191087,-0.5597693451568516,True,-0.26799078381214664,-0.09341852998581368,0.05226555065992974,0.20639158367661375,0.26957395947293344,0.15929058596878276,-0.13957276344104294,-0.009928498162567632,-0.0005133014585530923,0.022250199429478965,-0.01399480894936795,-0.21238735362630873,0.11776184778867861,0.34342589391192113,0.3647422342708033,-0.05067268898761272,-0.10170119603858724,0.026645830001950695,0.12773391870985007,-0.14368235326121764,0.25782901731156316,-0.19202824997013884,0.055826949405296054,-0.31010825084222776,-0.12504525941388467,0.47972884048381725,0.19263114741311477,0.009626915584858236,0.1991468823516316,0.07253895262625293,0.06198270113284123,-0.46305053993708095,-0.007135893393479382,0.014450857363813994,-0.23009922311317924,-0.2517321301242148,0.07702881581024254,-0.02676431491542539,0.3805046530333292,-0.047967003764436064,-0.32607689985722943,0.19062912639983576,-0.44682366672703033,0.10653769423584561,-0.23270383677759446,0.04558870102176974,0.16874357875758705,0.19924033105741423,0.27964239206003877,-0.11582908287417586,-0.18302345541546325
113,ExtraTrees_r140_BAG_L1,True,0.13681331019215737,0.014010279300460903,0.3169674608419721,-0.08364073766218716,-0.3074598144004346,-0.11019843118801408,0.27332786532183356,-0.0855876691445286,-0.06673401682283062,-0.2609483309537993,-0.1841550087844286,-0.038803391817833544,0.33306083778174816,-0.09357053707625261,-0.16048457852633594,-0.26274655635609695,0.09121075140473768,-0.03389196478660651,0.022746155834575052,0.11056219877592201,0.24826074929351907,-0.28379063137183513,0.10128882957126786,0.24862112510440196,0.004989258926461058,1.0118289247989745,-0.13954621376585957,-0.030947311687863806,0.06733811131742645,-0.29649249116494775,-0.06314647499823181,0.009205083618809036,0.1461764082416802,0.19680292281095138,0.34446646884789356,-0.05818974069264507,0.06789653410638673,0.03567595942224256,0.0205128038769226,0.1800867397956182,0.4483109803971833,-0.03232592512310232,0.043756529805142004,-0.016031318525404303,0.024561883591186665,-0.003944799214585383,-0.48045587040805676,0.09246705069516523,0.2733024056860848,0.005807909392003755,-0.5640869816589771,True,-0.23258877599715364,-0.09068612401259178,0.09042849350617731,0.1402890238760761,0.208378308695935,0.1501459107589831,-0.12083053771918101,0.026659949376325966,0.0014025813395000413,0.029875440781293745,-0.025790957783288104,-0.20892084133379807,0.0904109902154764,0.31665227960645725,0.3667234724707493,-0.06341332370506314,-0.06280440267840741,0.03982574650778465,0.08763257782156908,-0.09398182597039853,0.19548939079963953,-0.21782249420281982,0.04608040566700749,-0.2694128686429636,-0.12442997380240671,0.4536982541660447,0.2082183134034044,0.011874522593020314,0.11939327784434928,0.051976800312785856,0.0034159620901151704,-0.4381611894521453,-0.07815334688216122,0.0900356236787514,-0.17748540937193974,-0.21045224021174413,0.12544618773261196,-0.03264718501439842,0.35639251709222347,-0.07779494143213134,-0.30956187418010495,0.18262060568290822,-0.3885473221808928,0.1293760656235312,-0.21015830370590405,0.03356422147524495,0.17640482827271517,0.16061989655200526,0.28878639123545896,-0.09482050160227747,-0.16155573903993894
114,LightGBM_r17_BAG_L1,True,0.1291609343492293,0.010120796202599295,0.3300220248349531,-0.07517053861295915,-0.3106678930828342,-0.10649255905784745,0.2780832901270435,-0.08446817831641532,-0.06430572658537448,-0.259212430334501,-0.19905730733860172,-0.03893905048111366,0.33580237096624765,-0.09358916143716005,-0.15333118415648636,-0.2778876153680864,0.09036829004868943,-0.03598611468422285,0.030002709686879042,0.11660931569104216,0.25074138726181566,-0.28434480042897614,0.09585701364394186,0.2541364096611636,-0.0004068159931383705,1.0164161169213644,-0.14300548408109903,-0.03207389444951229,0.059700900966130545,-0.2993151556952304,-0.05571433243707742,0.0010724764123981381,0.15257056680883574,0.1978122032448397,0.3602689274354246,-0.05672055102444711,0.0691085665216964,0.03719965787234342,0.018760248895089236,0.17445656879522378,0.4626509181757702,-0.03036214405366268,0.03533640671631887,-0.004216058910207596,0.026956709665236382,-0.008214554558648317,-0.48442574169424224,0.09913195359420009,0.27669067933829367,0.004371465830611461,-0.5811543640482338,True,-0.22719822820848581,-0.09544617355258703,0.0920179274258683,0.1497247901025571,0.2050792077417049,0.15132769196819834,-0.12111186137556451,0.0059893332872610755,0.0023970861650098453,0.02932465022950954,-0.03183090921453778,-0.17056806916272133,0.11025207450984782,0.3193046995968974,0.36984107771182984,-0.0603426084586541,-0.08816163256448518,0.03975404616634473,0.07660864884199436,-0.09865485330906566,0.21251060182890194,-0.2469164241069835,0.05333123347636421,-0.2563755303478573,-0.10719854922162336,0.44361502016322135,0.18162964052669836,0.002330704871393631,0.10248074998710914,0.056008745601704976,0.004678675170492968,-0.38147796881002727,-0.09808228750268577,0.06845772801320663,-0.17923549748109718,-0.22508687849987696,0.11214253326638506,-0.035595613752081555,0.3447174495083955,-0.0875146179465071,-0.2898483948386864,0.19275882273138814,-0.40964573289775413,0.13390492706251012,-0.22361258460763256,0.04778400998581798,0.1886969507632868,0.16330016260293026,0.29916246423922505,-0.09496437303161404,-0.14408154666648745
115,LightGBM_r96_BAG_L1,True,0.11514275620881953,0.005031143700102548,0.35620689889807583,-0.056690472205640795,-0.3253635746073789,-0.10302025039423127,0.28417491471821066,-0.09834453967748426,-0.06302970366810623,-0.2526753054048755,-0.19989720493894086,-0.06860881154938461,0.3363654179182356,-0.07173646277870317,-0.153179250961034,-0.2662441385792482,0.09014304275676298,-0.03394261631879082,0.03833234164342637,0.11974381413169417,0.25586948577626223,-0.28100409628550016,0.08653431373468497,0.27640896650508096,-0.00022337180934149976,1.0299030331811108,-0.134161488248975,-0.018551523227019983,0.04238126882012923,-0.3046643231705139,-0.050028933298191205,-0.031893133101280925,0.14412614370784,0.18480790738445999,0.3565526862920261,-0.053348413658734516,0.10197391412996673,0.03728250252049007,0.023656233499459636,0.18601040243767494,0.4872757610876954,-0.04308247272142537,0.021822531357509656,-0.013028340364631304,0.037864603509701424,-0.011106376904776831,-0.4933118755094966,0.08244348441071381,0.24148737732999317,-0.0004053837003854983,-0.5843587486103637,True,-0.23987764699948094,-0.10715057505743934,0.10317655580023599,0.1490919515948826,0.20764404781190535,0.16345028376348342,-0.0766681983471895,0.050866490048145065,0.012647890134363397,0.0230816088718141,-0.03262055207476825,-0.18950468623776645,0.12288134793756932,0.28199263121135243,0.4074619020511206,-0.06546100600915215,-0.11520979305418094,0.047409132594139744,0.06150853603474993,-0.12164242779912617,0.20396427940947373,-0.2868510864148892,0.03854765443053161,-0.2481178879482931,-0.08215042632127025,0.43681756127451127,0.18638579081529785,-0.00022586730301609695,0.1147539952001679,0.05356850714900523,0.01662884731506566,-0.30824983271006123,-0.12346605173630405,0.0671029411190304,-0.18437419496384008,-0.2165426595128514,0.07972683058512116,-0.0364825288532205,0.3682881517059747,-0.11570242083788233,-0.2960637847848347,0.20638756292554816,-0.36217145080160823,0.08457044015635458,-0.2290281230015356,0.0547082265066606,0.18222965709622382,0.16716854866055877,0.28327061255864044,-0.11477200651996289,-0.12681361466176597
116,CatBoost_r129_BAG_L1,True,0.12111216422422832,0.0035566603913935197,0.3725748726220549,-0.053440451576296705,-0.35504923958505974,-0.10565069153652268,0.2924830667689775,-0.11486156922952238,-0.07080209959668962,-0.24826770995546352,-0.23243663439279422,-0.07854967532095769,0.344385091693239,-0.06547689378640141,-0.14586325911553796,-0.27473259308340575,0.0937828829871919,-0.034564427739021394,0.034697768217108384,0.12141285134522203,0.27791197516632876,-0.28923734806856105,0.08982476077598495,0.2836939208082586,0.00030849286474464715,1.0344781229425875,-0.14055176053887147,-0.0018481890346244848,0.04554812769063936,-0.30630279374995245,-0.0359991024190676,-0.03148307884075053,0.15353439010728737,0.19623394844223857,0.3585599301826394,-0.06214161723418855,0.08392079560444539,0.03659462741060778,0.014542186726776086,0.19176249288514713,0.5085873688510985,-0.028556496238543075,0.01568139324988991,-0.007597276848712444,0.03620493093101328,-0.008106880970681178,-0.4955005908040893,0.0817393176402623,0.23816816530062485,-0.0013673298819555884,-0.5802384393950312,True,-0.24218264054913827,-0.1064262661528378,0.12457587558914987,0.15229934461862496,0.22071380908761765,0.16034781848158144,-0.061035088838467595,0.07700119256695608,0.011989334378362243,0.018294486432792748,-0.005973153316164088,-0.2194023652351287,0.11572156798236719,0.3270350807686392,0.4159746475701821,-0.060514813151440014,-0.10666888178127663,0.04469902943636975,0.06812121100640933,-0.13002786669194308,0.21512858232676432,-0.2859472619570396,0.03778985520225662,-0.30063842545667835,-0.07383432861407174,0.48817181462581405,0.18568511217803896,0.0015980760847951127,0.12418317998265688,0.05339124060619803,0.001866499740143889,-0.36039100995850143,-0.1383133108117491,0.055869779136669614,-0.19012240684279538,-0.20957016147757085,0.10682006205061212,-0.03163054741961085,0.3913422054079654,-0.12172641856049554,-0.30850129811021654,0.21568701650335853,-0.3765497682638293,0.043828145953892686,-0.25561346137111984,0.07126106905155999,0.15572139557448095,0.1590650356009142,0.29504443913106293,-0.13451144914535232,-0.12763155589149272
117,LightGBM_r23_BAG_L1,True,0.11988028227408791,0.003609634164973689,0.37579871260341463,-0.048028530264937606,-0.35359127883788155,-0.10548184942328855,0.29443046808129164,-0.11844978761005048,-0.0706141322868976,-0.24912179760423553,-0.23278101687359323,-0.08237091081978636,0.34379769105632174,-0.07025336524791476,-0.14895074763887445,-0.2736243628924446,0.09312106059914121,-0.03465193675570584,0.0355710598029513,0.12004012963708481,0.27898238045519536,-0.2898671575534236,0.08989330057085576,0.28399649028451857,0.00033954623747331015,1.035909739897064,-0.1433747749758066,0.0012473986357995834,0.04715435612744274,-0.3083397440385112,-0.03417685367831533,-0.0311584908889704,0.15554751829366043,0.19865706624501106,0.3590768644853416,-0.06104883325175261,0.08103760844452401,0.036474805165748206,0.014615576315801026,0.1869920646251082,0.5100890981821201,-0.027830133439518824,0.017134594554201885,-0.004815536605843179,0.039551981267015104,-0.007723767289238183,-0.49680038112582336,0.08016082429021765,0.2376702593815892,-0.001628659187949855,-0.5833379141716811,True,-0.24458093149391794,-0.10726725490837968,0.11981936262015189,0.14644790679001288,0.22908438991731264,0.16332553479026587,-0.059182863095032255,0.08258395790703077,0.012712650543171979,0.01847856583362453,-0.012495509566694527,-0.20122561661057645,0.1216125412967069,0.3239542936480871,0.41678082794638216,-0.06211963861023232,-0.10603008045134847,0.04613289320319073,0.06959757746640784,-0.13168352470109662,0.21304850480369802,-0.28706502191190975,0.03752100438478033,-0.29354325482452126,-0.07545888932904415,0.4914172495675262,0.19277678717406196,0.0040600819767076255,0.12654669977483124,0.05085679837125425,0.0038221035107269758,-0.3691636442510776,-0.12888471021758016,0.05117104494158402,-0.188984075216694,-0.2136477526957283,0.10157956612031968,-0.03442474892753061,0.3968704098773728,-0.12273492354203332,-0.30806760969396396,0.21671265929470582,-0.37830656294486664,0.03999275742009886,-0.2640725426067167,0.06740979229587071,0.15249773361779645,0.16011988518695205,0.2918098185470951,-0.13885080669876107,-0.1261843078839672
118,CatBoost_r181_BAG_L1,True,0.1232054031889043,0.003280573606232811,0.3788807791380773,-0.030094274222055212,-0.3652647376256624,-0.10639709634798289,0.29631619340967935,-0.13168174344571046,-0.07345282189735657,-0.25070654186030317,-0.24516269941945074,-0.0878924731386358,0.3481896778785726,-0.07447941353040666,-0.1435045313725597,-0.2644263437569106,0.09880728476246675,-0.03375496728863196,0.03564725884411742,0.11991298802151097,0.2868220798550921,-0.2877121764727766,0.09161252299262851,0.2787020291643484,0.0019774309910263956,1.0421887827643024,-0.13483207329722766,0.0022631888584789435,0.03571259333331376,-0.3134634023396305,-0.020395997482755297,-0.030641288478633066,0.16146557881563717,0.20393502707284644,0.354427373448697,-0.053738902471394394,0.08933568485500155,0.03407789011666891,0.012799908529079656,0.1844091919493357,0.5152525530837164,-0.02684380358611287,0.009196954820104204,-0.016726211923239614,0.037786894080228374,-0.004603012577209206,-0.4972081876599098,0.07031945759406118,0.24129755035762818,-0.0045823876376984525,-0.595280304876073,True,-0.2321569634191402,-0.08981883934678925,0.11579290064831299,0.1437949925133284,0.22674254358478463,0.1489915641659455,-0.018118770418655034,0.05002534732847815,0.008583981969373938,0.051175215385470214,-0.03019709167004772,-0.18290104089172188,0.12990322611430458,0.2980279973005359,0.3922270370881261,-0.06311069428545404,-0.0485782740838151,0.03235795969453219,0.09426419564208892,-0.12306265340035936,0.1721309400581673,-0.31963108888205544,0.026245790044618092,-0.27744561463860107,-0.052146701815049754,0.44827557599734374,0.17954617494025302,0.00018380460867588528,0.10958571689286517,0.039912067587386045,-0.029052337194775988,-0.3723234464693648,-0.12476454539748284,0.002560208986972576,-0.20223705816482668,-0.1788766195185219,0.11939484493619333,-0.02751595513531652,0.35299578161747636,-0.1104665954335188,-0.30124260313261114,0.2002944222946344,-0.37016708367880696,0.06573686600130074,-0.22034145096678392,0.060770248223005224,0.17096874734717887,0.17218158008768597,0.28465386157939554,-0.13922081574955103,-0.128245376419695
119,XGBoost_r136_BAG_L1,True,0.1331004680111756,0.0031789642067723807,0.3860440958864523,-0.02387487156447214,-0.3655346051848225,-0.10157964595203486,0.2871838804143838,-0.13057230896166122,-0.07239409598912315,-0.252258603563735,-0.24530258782384978,-0.0956230701056007,0.3465449417223854,-0.0916606420601632,-0.14702577080680934,-0.26861414661217253,0.09856515890080328,-0.03171474582086729,0.03234740331504442,0.11602823022632798,0.2944681593959227,-0.29391283449167177,0.08695072924996457,0.28108562682232024,0.004521040198261502,1.0445692690386914,-0.14263644892557514,-0.004768465598407228,0.062336985105344064,-0.30669876187403544,-0.010041671118940814,-0.03156834601491302,0.15710035738482275,0.19987351816632473,0.35636224245404685,-0.04791155317463926,0.07860740388033305,0.03091691152340319,0.0075778775988952435,0.1869566304636246,0.5188159209475336,-0.02691061082004777,0.00969786007996504,-0.024046630497924253,0.04587262121875576,-0.009787364936693403,-0.49317183543105186,0.06709592852969795,0.2473483594304148,-0.003404760148510353,-0.5875332909211174,True,-0.22934783891465735,-0.08940027740871911,0.12625727376064658,0.13204459056275195,0.22602621634495385,0.14977773878523926,-0.021473778528957863,0.048675687304222316,0.00784793866373116,0.04844901963463132,-0.03286945264061286,-0.18068229696330007,0.13551220440664297,0.2914860948656742,0.4021573056645313,-0.06454570276419833,-0.049111648893630386,0.031172874766447888,0.09130688475681006,-0.1136893635492294,0.16727752647347036,-0.31803087095546034,0.03238965835338387,-0.2894681786723815,-0.06866425269801965,0.44880214496492493,0.18759380393181949,0.004712382951007259,0.11136626066436414,0.039707403902636856,-0.03038055392079761,-0.369058790550042,-0.12204529348649533,0.006916993511470307,-0.20183871588243615,-0.18353795498694397,0.1357251586900581,-0.02686527389594437,0.34358893035339266,-0.10668156948500003,-0.2962985603363968,0.19464038281196305,-0.37084044797391125,0.05756235249331678,-0.21170643842474116,0.053721646588625674,0.17500542992973353,0.1687290350080022,0.26768521539309126,-0.14154205334479047,-0.11031936220870114
120,LightGBM_r166_BAG_L1,True,0.1377291006079311,0.002967919834469909,0.38974033969034294,-0.01953592055835161,-0.3674812631899512,-0.10076033071072037,0.2876203771086286,-0.13368008054332764,-0.07152660602052688,-0.2534837039934394,-0.2497650452696089,-0.09746221421332718,0.3468375753514767,-0.0917340683754186,-0.14680379084383294,-0.26913882718321713,0.09875021024475819,-0.031314890146759373,0.03090149278746939,0.11574416496046433,0.2996759670794064,-0.29759193065820194,0.08679962427500393,0.281649870291365,0.005072764558208468,1.0490546293392928,-0.1433134361447128,-0.006983924882714901,0.06595369265959006,-0.31039663560909747,-0.005246406055543459,-0.030684667170850517,0.15780023487446637,0.1958267274141644,0.3570625276108004,-0.0469053005292532,0.07609642171091272,0.0298427885003137,0.005231857088335599,0.1894686446185664,0.5220318417848242,-0.023083114650797563,0.008501177483798073,-0.022036741484901763,0.047941526003621344,-0.011099068477806472,-0.4931987035913072,0.06330215592627737,0.24505901109713749,-0.003207675363968816,-0.5874988167404219,True,-0.22677695975317685,-0.09328793197543969,0.13046966871202634,0.12061851532383688,0.22167807587019547,0.15334290549382498,-0.020783194860315213,0.04800576474037163,0.011161194315984195,0.03628308355784668,-0.03745225866024852,-0.1788025399168045,0.1341179495403031,0.2981051282705304,0.3985306128048768,-0.06171692859479284,-0.041938370305555445,0.03268591187195399,0.09419172121346309,-0.10982269949465759,0.16912676714529506,-0.31549715355506663,0.02853658029632087,-0.29750902239956134,-0.0899239690768668,0.4606103706562462,0.19990494979399206,0.005743950687647449,0.11595841552572625,0.04728086684472059,-0.02435531542638545,-0.3844921426406035,-0.1253112648059752,0.008930205531849087,-0.20923001091047788,-0.1837862317368807,0.12838330254762906,-0.027876034901204987,0.33349521923181313,-0.10643161259947717,-0.29481461050865143,0.20952373197145907,-0.3666340146649891,0.06273023809201457,-0.21911117193430146,0.05539358842490466,0.17699755300499917,0.153220841351778,0.2681335606594487,-0.13250407269887415,-0.09986533653933466
121,LightGBM_r22_BAG_L1,True,0.1275717090990375,0.0024747944721686425,0.3912814091722848,-0.011775044499438399,-0.3764965244125138,-0.10278067159792793,0.290281230616359,-0.12508819960033338,-0.07371117130340656,-0.25779389865201524,-0.26203355171538134,-0.09766830820096044,0.3446149653729395,-0.09530603333759607,-0.15476483859527312,-0.26200772133642514,0.09831336016803424,-0.03176945734842119,0.02739950102731208,0.11314678267032519,0.3091326432031029,-0.2987388116820601,0.0833541758690383,0.2642887441421789,0.008390831680975664,1.0472702699672547,-0.14035274159423175,0.0030939284554099894,0.06977840849568237,-0.31745569891246794,0.00089673695879773,-0.033991316709878844,0.1592403679067308,0.19365887037788887,0.3538343996494376,-0.047532239978176745,0.07564066572074249,0.030107269374983724,0.0007023248896185146,0.20438979604496846,0.535265036589484,-0.01861577339752164,0.013451604859769128,-0.005452161173502478,0.04877698560113154,-0.013111053096136058,-0.4883693281683956,0.04543432710643886,0.24263143736179704,-0.0009898130503113041,-0.5805752161103331,True,-0.2306845806975213,-0.09411690364526913,0.1314099663941848,0.11528658917493816,0.22622087098524002,0.15730491784098805,-0.013417254049456062,0.0505275574347078,0.010761087759061587,0.031686319808356254,-0.046682577268564826,-0.17933292952311514,0.1356788962734548,0.29365074272250524,0.40869138755185025,-0.06483004164767685,-0.04188444627549506,0.0327115521328135,0.08397056972913226,-0.09780209568283287,0.16964340619605128,-0.3151621202625544,0.05767399995943349,-0.2959654088989659,-0.08977440967703583,0.46563294275297523,0.2038889254493683,0.007237725104260123,0.11737928830727587,0.05106498198547908,-0.030025065890243216,-0.3788065413203397,-0.12462126309236268,0.0011802060882617404,-0.20870147445354736,-0.1815732645144877,0.12212254306053309,-0.02797197725745372,0.32908776485531815,-0.1088225168831169,-0.30790246272713306,0.21382734217111954,-0.3718474361666728,0.05346398213047977,-0.22689767466435576,0.06366554140321523,0.17331110989195347,0.15026760374906464,0.2741066540421723,-0.14148987082782882,-0.10115222859160664
122,LightGBM_r57_BAG_L1,True,0.12640668055274093,0.00030408958988100755,0.39309927337257344,-0.008555214195707948,-0.3736444429371321,-0.09718862351934887,0.2961735530325801,-0.11786055662624398,-0.06629402507634416,-0.2641139857105733,-0.2595728427316613,-0.09115869036902693,0.3460972159045014,-0.09069779285598074,-0.15495626673563753,-0.25768664263187363,0.10016422100621067,-0.03147345078927908,0.029025835556824094,0.11155047943564868,0.3085394478759047,-0.3033352880948849,0.0792001212326425,0.25201301324768927,0.00858909505429846,1.0407164108052007,-0.13084004477088762,0.0071130406896006415,0.06291823209975173,-0.33215764680417553,0.0006773547928453911,-0.035782264205517125,0.16078702893624416,0.17900726678945492,0.35217925608954004,-0.041306416842203285,0.09525158453068673,0.029844858730061898,0.008606450927714223,0.20792291623102097,0.535020045801916,-0.028452964268054035,0.012933997756258555,0.004708524147562146,0.04703037074841548,-0.013057950504197257,-0.4953303157958152,0.04361129124947048,0.23018556329181644,-0.00029992039664018566,-0.5854842141361671,True,-0.19978076951618062,-0.09285685103334017,0.15179057818094752,0.1363783559898323,0.185816693965132,0.15332248459454606,-0.02950372099633642,0.06448175292571492,0.014141088550551526,0.029651110991927597,-0.03785902395567808,-0.19482735924283806,0.12909853049851583,0.2860190172291323,0.4228007225079728,-0.03472056280982943,-0.031296556678679435,0.034156081760483764,0.10987482528037645,-0.10631551342658022,0.16248979914988154,-0.3154746058105347,0.029076130697361605,-0.30943743504339255,-0.0998284104112555,0.4730130520932987,0.194419657021605,-0.0015479236316465299,0.12061032506122564,0.04739972399826138,-0.036794139304500754,-0.3830003829031204,-0.11006462312855952,-0.01312460783416946,-0.18443423806364725,-0.18982415426034638,0.14141864019229153,-0.030958695045738404,0.3303459781968902,-0.09636985392454259,-0.3047005625045831,0.191483293119706,-0.34655076863000894,0.04866133812283532,-0.22870567179479015,0.05740697821761857,0.17119937855253087,0.12586680683896223,0.2915829838709627,-0.16173290153208084,-0.125538741336167
123,XGBoost_r182_BAG_L1,True,0.12789073449377222,0.00021805554489778492,0.39272750317050364,-0.0022327505191084705,-0.3573273707070167,-0.10013974584594199,0.29958862209398657,-0.1172859254137537,-0.0644154729502369,-0.26743626995371367,-0.2577243198565344,-0.09351827970594642,0.34152047788860934,-0.09684116506526834,-0.1532126833539844,-0.2567442744966123,0.09667431030650431,-0.030611321749275507,0.031431190703533625,0.11026165081809741,0.3077920309961078,-0.3029356451341409,0.07715809487731125,0.25039268927617914,0.007930101138614483,1.0476861415428667,-0.134086905786454,0.0028911219107506164,0.06557061937359673,-0.33657445164526617,-0.003081985486201944,-0.036796899364833775,0.16053850300798223,0.17939611186686896,0.35508359303563036,-0.04015305435584835,0.09704617319234511,0.029270561090971568,0.003348219230654821,0.20615656658462986,0.5366392656223836,-0.029644074244072803,0.01467404863784198,0.0037694468205959667,0.04996996377553342,-0.014270658821374287,-0.49058574122782395,0.04237480310027679,0.23075969140314284,0.0003775949674045627,-0.5897763206997404,True,-0.2001987978661728,-0.09459093466899152,0.15427184281256126,0.14194762109838807,0.1879756640860047,0.1547297052997035,-0.029755700383231158,0.0678964963012724,0.014018383045784344,0.027235753860118266,-0.037144482905492895,-0.20022168518825212,0.13441086979768846,0.2898232002303441,0.4196997982910833,-0.03589823352930299,-0.03238402961891147,0.03423436269067841,0.11378794950628816,-0.10861780027726782,0.166812358093886,-0.3212794984292525,0.030261872583137416,-0.3122258598330698,-0.09904414863031351,0.4799152048533056,0.19509517585389236,-0.0018745099323006385,0.12570868444451108,0.0485279172713216,-0.03724231949729707,-0.38751212390085243,-0.11100074733434948,-0.013301254382331741,-0.18586261461015433,-0.18928622776038473,0.13821814411838412,-0.03212069834974299,0.33409456492997774,-0.10145238309401651,-0.30648969831090767,0.1949070950984888,-0.3474503289759926,0.04493744745807583,-0.23284085241299726,0.05927802197613741,0.1704853592336806,0.12698121586250677,0.29046853849457105,-0.16535401958555335,-0.12613985381958515
124,XGBoost_r178_BAG_L1,True,0.12682332132234223,-0.0008627893211845386,0.3999886330616279,0.011317004473232441,-0.3673361637233252,-0.09461112332015986,0.2854175712441568,-0.11877448183510537,-0.06914595007063776,-0.2708408973652369,-0.26539240392041774,-0.10244003841362365,0.3413529732231142,-0.0908221028782019,-0.15212372174373112,-0.2559391985518416,0.09470041681151106,-0.03079789429816636,0.03472396819127847,0.1119012369393303,0.31114925869698495,-0.30377668080432196,0.07674705232357229,0.2585563362805222,0.004918951270050595,1.0542422931220212,-0.1306812227884918,0.014551560791692203,0.06903320322206861,-0.3355899291808223,-0.011442577110847132,-0.038111404967250496,0.151955033027949,0.1955961992622747,0.36056520327251873,-0.04306649464439789,0.09596118474712702,0.02770085819256629,0.010157993150398378,0.19688676434749927,0.5468220183106813,-0.029888761523801443,0.017937483183454967,0.0033969577171889583,0.048594955755421505,-0.015991353806796105,-0.49099648344656216,0.04589139604729563,0.22187805625833518,-0.004021548310743697,-0.6029745995986627,True,-0.19997567547542708,-0.09468963550085177,0.157420109388139,0.14559005890234686,0.18820193299507643,0.15491182695684133,-0.030672761395116956,0.06841138927004813,0.013607716288166061,0.025954512390606577,-0.0374613160603183,-0.202125230679035,0.13776373286164206,0.2920859921878522,0.42009872845208124,-0.03556007572719499,-0.034824125101153826,0.0340567230362531,0.11772567573920704,-0.11021728031690448,0.17002664611304577,-0.3262022777495805,0.030871185149677117,-0.3144176341518031,-0.10011084415263333,0.4876227837107635,0.19574600499232275,-0.001700722901958501,0.13103711396299392,0.04804654978512929,-0.03910039006415091,-0.39560353223949535,-0.11206427425506747,-0.0160795089691263,-0.18605085621046857,-0.19050632917644145,0.13891755248204993,-0.033333893574641664,0.33693202626864566,-0.1031828483967231,-0.3075168387004904,0.19532045913378276,-0.35049849962528523,0.04015568726758261,-0.23225746985215,0.059315774483392515,0.17023198801301342,0.12789497116487386,0.2923689434671125,-0.16744841262653323,-0.12456403532676537
125,XGBoost_r45_BAG_L1,True,0.1258466954114158,-0.001135719543810122,0.40226643093915854,0.013318014939797175,-0.3685481654195184,-0.09459587345736349,0.28720016977787477,-0.119827030234257,-0.06932929035701596,-0.27149888157532986,-0.2668982799605264,-0.1041959394737211,0.34156378898645556,-0.09116450589700592,-0.15213195773305416,-0.25627693568438714,0.09464334366795667,-0.030829481827292296,0.03506598105567248,0.11220902267545028,0.31229546649468537,-0.3042664462672684,0.07651167511934998,0.2584490469211628,0.004650443509336159,1.0564327445838306,-0.13151691113089167,0.015614721049146973,0.06867877488307277,-0.33750682556170075,-0.011026644143022239,-0.0384632185125345,0.15177683339325743,0.19643244824633857,0.3615844696687026,-0.04318145770910025,0.09564026242405903,0.02774400776397879,0.0094505824823826,0.19735113580581934,0.5495595184139795,-0.029005347519539086,0.01816181082450528,0.0040445991752365565,0.049215546874155,-0.016322861558161872,-0.49121657590787104,0.045354765034695745,0.22179153305199104,-0.004248429482308191,-0.6050626402300348,True,-0.1981362478461375,-0.0966768875186473,0.16129144852939897,0.15205630882355292,0.1880005928904084,0.15697422600074012,-0.0304426986815053,0.06938481080889149,0.014538253669285642,0.024702568687937392,-0.03820618022061079,-0.20606885422087381,0.14130175562776093,0.29726033988903516,0.4233740632333287,-0.03683136848639647,-0.03612284024367158,0.03361024979467924,0.12318819661578623,-0.11066257847648663,0.17354424215903616,-0.3307261143345665,0.0328459651135986,-0.3151249776064159,-0.1005311866821792,0.49526061095373786,0.19289051558682888,-0.0023716028441196227,0.13155555586515502,0.04774094877589567,-0.04743164602019556,-0.40080516248327325,-0.11396695654757374,-0.016080913639764445,-0.18457389031764404,-0.19364687924963017,0.13926046180769608,-0.0352446633249354,0.3416228154287978,-0.10840853180180385,-0.31184241483731384,0.19565498416166188,-0.35210134029106555,0.03638540209549796,-0.23201657582609037,0.06263441444589649,0.1700441554595356,0.13067462989085557,0.2923502124691639,-0.17158915222547874,-0.1242125791064863
126,XGBoost_r57_BAG_L1,True,0.12599531613480852,-0.0007927372908717941,0.3990579711915801,0.013372340317287932,-0.37556907404231893,-0.08582853100840321,0.2897865968647529,-0.14627067677423342,-0.05926485474185124,-0.2596550563091537,-0.26250574207921556,-0.10261887163446286,0.34585540496525863,-0.05482191304418916,-0.162595260950798,-0.23491773249679274,0.09825831169725294,-0.03367096966377141,0.03394188004308939,0.10731934933908475,0.31666184085838994,-0.29547128549157875,0.09119166130219826,0.23481568213072754,0.004375661187698757,1.0596317350104296,-0.12363819073139584,0.043345920938932664,0.019495948551573442,-0.33840791961713357,0.0020500476959821982,-0.022268904544610748,0.1637701697520054,0.20296857781427036,0.3532793753880445,-0.038798188138975474,0.11090819448664405,0.02764411128481426,0.04168549769916155,0.16177092421237063,0.5345472181266394,-0.03343646804098737,0.006239165354903282,-0.012218324137917813,0.05912484601062585,0.0002863956683655444,-0.5160604248453595,0.05220311370490634,0.18739819849576314,-0.014141154290771623,-0.6411851107328435,True,-0.20132511037276068,-0.09765426914401427,0.15582029096759256,0.14696780454313804,0.1858464957261794,0.15710962656612415,-0.03177139223364262,0.07279272926286606,0.01529935212941488,0.023777931376736332,-0.03926404833193691,-0.20303444669360987,0.14837078850080088,0.29441686515101073,0.42748318053981677,-0.034013555983789454,-0.05056961120535515,0.03586984632146328,0.12010884776244103,-0.12128128949803865,0.16753868953652543,-0.3168933173568547,0.03667528817388068,-0.3141408676768552,-0.09088411202722115,0.49205094615717376,0.2090504055519825,0.0030824378856866186,0.12476396417714883,0.03939317292513114,-0.03602211232871663,-0.39145838819283135,-0.1077831168319132,-0.023442105648993666,-0.1763101167491305,-0.1926866099036731,0.12571308527565295,-0.036237522869733294,0.3373971051819424,-0.09266828699462742,-0.3090409919879248,0.18574720346460716,-0.3486133046204718,0.04196404950033203,-0.23703808849271338,0.04419570462356583,0.17343011157560853,0.12703905141495317,0.29256172842372197,-0.17235173727521158,-0.1282515211497949
127,LightGBM_r123_BAG_L1,True,0.12654224281815257,-0.0004862069947333963,0.40443957094209065,0.019606083430745404,-0.37532178455780185,-0.08432742930508844,0.29379470856904205,-0.15097095337809738,-0.05689630408936355,-0.2640445662516013,-0.2657740863062463,-0.10714925365335926,0.34655335510778223,-0.06323136587212941,-0.17619654236660065,-0.2290508861059789,0.09623063363308801,-0.03460063627009838,0.03387572313405538,0.10569260429303917,0.3264293620950884,-0.29510580997215224,0.09343333485203437,0.22654266805075884,0.00373546227470823,1.0528758580251965,-0.12950633621766397,0.049027318951466704,0.018360919964469983,-0.34036426405010317,0.017589380544244033,-0.02046202583091069,0.17240671574988914,0.20399966370700756,0.3500603203956941,-0.03904185106675171,0.11337760396288847,0.02752875779074007,0.04068765051481278,0.15227031841117986,0.5309868002641334,-0.03257071545273698,0.011470783215540426,-0.021055929900084053,0.06251430636855741,0.0018753899893156891,-0.519432313909316,0.053018709686956475,0.1951985394662215,-0.011708368119606148,-0.6430920213650518,True,-0.1940674385929252,-0.09919028495135798,0.16833944932324144,0.13728133081964156,0.1780951265617022,0.1577024125448768,-0.011671883418940755,0.07589588409548333,0.017290258076472456,0.025192954358191598,-0.03580806053662114,-0.20847354790726194,0.14871193032084393,0.28001710544138303,0.4187531758413018,-0.02930220128907905,-0.04889306564026304,0.03337735026303791,0.12004630420210942,-0.1223781079870581,0.1564010513248979,-0.31331994068759533,0.02577759857136895,-0.31083811876768425,-0.0954690571040079,0.48984495387620985,0.20685257559875997,0.0035668554113922816,0.1288383225861608,0.045221791985205775,-0.02947355172297004,-0.40855473346024673,-0.12049262852815333,-0.019988165795270494,-0.17602243512029003,-0.20896095395888178,0.1379715783568995,-0.03615649340159093,0.34107568930515664,-0.0868483487701714,-0.29578811616499096,0.1816170914153596,-0.3329607335750601,0.04455711067299839,-0.24518689290581713,0.033743924377605615,0.17714162156034627,0.11932246170427216,0.28633251788214015,-0.1579474862902978,-0.1227273008852777
128,XGBoost_r143_BAG_L1,True,0.13325461315079756,0.00012516728996849185,0.3954487217997888,0.033084931223967974,-0.3212182909543745,-0.09702569227048848,0.3155196200876944,-0.14890192945948233,-0.040572468846312694,-0.27198795385730384,-0.25111020752729635,-0.1116977917481168,0.33460380061419676,-0.07621203665702873,-0.16359384427358845,-0.22417597771404316,0.08665445381687412,-0.03179786019639729,0.039634258446881857,0.10057946638548707,0.31854567923162797,-0.2904632440052531,0.08628905322661604,0.19943174083584092,0.0029241200972810063,1.0745468044341848,-0.12670094017388145,0.033384019201708214,0.008773747700922482,-0.3595507511934694,0.0015646138033708983,-0.020944989718976875,0.1714449809799717,0.19475758762279594,0.35523856700239903,-0.02836453654215353,0.11673066359925377,0.025810373810752577,0.026733052027341223,0.1487373850513075,0.5277986784207588,-0.039864378974949224,0.012871545184846565,-0.01568273869693243,0.07861321783707947,0.002856563045669831,-0.5031729237611158,0.049026493908429995,0.18906912853423308,-0.010036458447054825,-0.6541480812825705,True,-0.19333248986264237,-0.09742919732918279,0.16988857126150506,0.13466756967497798,0.17475895560845786,0.1555747995474583,-0.01284591582476687,0.07995007243089383,0.01762303429340771,0.027492578905301716,-0.03504842015711822,-0.20776140316377092,0.14725523211823593,0.2841278214379054,0.42359881760437407,-0.02719432505907674,-0.05083986797125846,0.033099834038685286,0.119469175560767,-0.12304795705756912,0.15697857514762437,-0.31883069097941746,0.024110196173570696,-0.3113872389943881,-0.09693398235419323,0.4951421668875357,0.20577008395010968,0.00400211601573667,0.12880262443848964,0.04090911921088454,-0.030199271603871564,-0.4108937376795546,-0.11884785941761214,-0.02434173330425768,-0.17471790411485508,-0.21003567666615147,0.1366348794657203,-0.035894261216035415,0.34091709240333584,-0.08680544532922572,-0.29838361999999746,0.1796196003065848,-0.3389633419232242,0.04093897774782991,-0.24480624001473608,0.03104879794520271,0.17869252910790395,0.12074756233475345,0.29599889980430527,-0.15618029302379546,-0.11750869072549174
129,XGBoost_r165_BAG_L1,True,0.13052849957899015,-0.0013807300908524852,0.39971292858215374,0.03159971552578145,-0.32566930423953677,-0.09272824923075598,0.3092351771171547,-0.1562488145104871,-0.04447386491979497,-0.26831648775604217,-0.2594061857077724,-0.10931950897619806,0.33326556420082265,-0.07440562159009972,-0.16829986950766734,-0.225284942517718,0.08701004654566785,-0.03334910683007824,0.03895193097187989,0.10500507346599909,0.3194176769587122,-0.29011906062506665,0.09039180105220726,0.20988166871805264,0.003249929448526319,1.0757934288991915,-0.12993954151556958,0.030765778598132027,0.011574264024746636,-0.3549417266973801,0.005679919824154937,-0.022865867720142676,0.1780492260421314,0.19976634909486785,0.3605528795556102,-0.03175365267626374,0.1150922510346101,0.026969217327773517,0.022928594020352046,0.15231035165147103,0.5336334200499916,-0.03188072113981797,0.00906194840653003,-0.017566662585950264,0.07712590208531467,0.0004017413611148537,-0.5042216843701532,0.041336922657651584,0.19478894009177072,-0.011398595421451791,-0.663365964497843,True,-0.19323824069273265,-0.09149459944752286,0.16417045357982657,0.13121510281086227,0.17782228579345413,0.15073045357060058,-0.013128542813940988,0.0796290346456265,0.013748249354765908,0.033143944257478485,-0.0305962420827175,-0.2046968200591792,0.15487399749342456,0.29689664157083595,0.4204634216790927,-0.02536927890755464,-0.051960749957938375,0.026330129895255055,0.1271708924522509,-0.12433340641828104,0.15982635184262145,-0.33213101508289145,0.02278903581558545,-0.320638488804155,-0.09516116364023801,0.5003974765546929,0.20693823326906016,0.004361889200645683,0.1269035249436415,0.044122773277115154,-0.04422619822524331,-0.40239355152821693,-0.12361965461721934,-0.03520950015241307,-0.17810118791045582,-0.21523745024774985,0.14849480169893656,-0.03212547022550173,0.343566513699654,-0.08135004754767534,-0.2941551439001278,0.17989766757384815,-0.34307517449693403,0.04215953616592761,-0.24422102294523457,0.028928834240056413,0.17193556944738267,0.12000224039171309,0.2982214596766338,-0.159117474540564,-0.11404789726262649
130,LightGBM_r139_BAG_L1,True,0.12843479906848712,0.0006119103251116074,0.39163631556562206,0.02000641477367539,-0.3352422006602622,-0.09243433205412693,0.299613660628762,-0.1602050847728957,-0.05102220533143298,-0.2658701893201622,-0.25318381544697355,-0.0985359168962181,0.33837781317897425,-0.0810630082027185,-0.1540785683847608,-0.22409250174263506,0.09084740804690505,-0.03305079727312566,0.03964267878287037,0.10486339268948133,0.3061544701671896,-0.28542901827270667,0.09289465786569126,0.2111625096581218,0.0030740708365772874,1.0651023801107786,-0.1069264641576171,0.03199291974841054,0.0075508587825367105,-0.34528328108000494,0.003360127536619812,-0.019967062837509566,0.19327425767083453,0.2013225840141071,0.35179597123984613,-0.03280221067553713,0.11351944831372351,0.02698597083376872,0.029367125685212263,0.1454046125921965,0.5256578098730877,-0.043647987947286575,0.005879579146049847,-0.030332872489054166,0.0685515271977057,0.005466446409541981,-0.5072766232370793,0.05599699195122316,0.19460374820732076,-0.011729229676121137,-0.6511183270531603,True,-0.1923453662681729,-0.09171562292284897,0.1624002960812456,0.13613706733684044,0.17452534936471234,0.15113279756496772,-0.014882368481269089,0.08001022056597779,0.01299263717040767,0.03314002147364222,-0.030094078466101574,-0.2058072815619668,0.15480061573643633,0.2965779887125024,0.4186209609912351,-0.022499635226716393,-0.054876213124192566,0.025803012849519354,0.12415519876967696,-0.12321618676350073,0.1597374076167479,-0.33564805207303994,0.02312810457082264,-0.32109074114660413,-0.08797376563111273,0.5023621911757881,0.2071678850213442,0.002481719923843901,0.12868717812052832,0.046254868489845,-0.04558942589135243,-0.4038675224594895,-0.12455372763663553,-0.03443791427316965,-0.1776125095598791,-0.21382468630394885,0.1494150832434927,-0.032545838771029116,0.3462514123070535,-0.07858100403013416,-0.29384855435505197,0.17775155943286383,-0.34347403158326567,0.03799770586301929,-0.24331276533061344,0.029314279726764373,0.17129502400080396,0.11773993492999059,0.3022241052101674,-0.15791210962304114,-0.11709584834254604
131,LightGBM_r157_BAG_L1,True,0.1280351845547236,0.0003962622171592157,0.39404669117297303,0.02210362802811225,-0.3358413363028842,-0.09211775102593472,0.301134537409939,-0.16211123859981583,-0.05090913820436183,-0.266778221256516,-0.2554552885537937,-0.09908523238770567,0.33854220711813254,-0.08162099313363688,-0.1543749602396031,-0.22427557912413348,0.09047853051217339,-0.03327194695066444,0.03994118600768377,0.10543303899032644,0.308092037224173,-0.28567074501908246,0.09312685126052343,0.2096869386421934,0.002530188479916118,1.0663704256508852,-0.10672420805294008,0.03262395570895595,0.00617038597344287,-0.34713048173786965,0.005078639698187179,-0.019839781855982452,0.1945145025122517,0.20199559192048008,0.35278780346788713,-0.03283434004706122,0.11257645345671985,0.02695753815426066,0.028298856722821016,0.14457766991936655,0.5280030897123662,-0.04283791586881522,0.0059498216919161495,-0.030683947734388133,0.06941936450141481,0.005171353728899245,-0.507480113728118,0.056435804819022356,0.19523658067199207,-0.011651189576965213,-0.6532406228261696,True,-0.19586738115834146,-0.09239933125233929,0.15524354096336812,0.1420784200878885,0.17608470532816373,0.15179998379612383,-0.023110947722783163,0.07995776119769032,0.01205764633613333,0.03319629746823721,-0.027850165725315408,-0.20756000820291073,0.15252216742013328,0.3014017464008496,0.42423592784323794,-0.02367945928745472,-0.059732438403537834,0.026661488583540074,0.12479080714987066,-0.12305803512764743,0.15778527952432428,-0.3360181616967912,0.025751559413719847,-0.3204142200980543,-0.08828826380572087,0.5038475770127746,0.2137440467532213,0.002700689783956467,0.1311202931639115,0.042892449015699365,-0.052112484525557445,-0.3980890482044183,-0.12616626722334415,-0.035211975300661946,-0.1780136849292914,-0.20962955448530182,0.14636448164874477,-0.03360474238716974,0.3479729530397674,-0.07983869610503534,-0.300823248927788,0.17787593223913836,-0.34615409621829557,0.040075175809694455,-0.24325320267360206,0.029704650220928958,0.17454856004572228,0.1217857837159582,0.30621698022389454,-0.16104688125082045,-0.11523627180734408
132,XGBoost_r184_BAG_L1,True,0.12407866370227985,0.0002658897533319626,0.39455136429859067,0.023133491314564866,-0.3328351604727463,-0.0936841652998015,0.3046430176063594,-0.16609567154370006,-0.05034529427202285,-0.26798987747486946,-0.2548714883433816,-0.09813125293017212,0.33845193965838943,-0.08038666203167436,-0.15768850838166365,-0.2213131183359587,0.09059006074244395,-0.03363922156515216,0.04055924029649416,0.10662354329423179,0.30766114446178106,-0.28553445705334085,0.09487478190710387,0.21095283543536456,0.0027310869887194884,1.0656787696889376,-0.10912171072909942,0.03480190083097139,0.005556976019149246,-0.35070413599110756,0.0058041861251754735,-0.02059925135988798,0.19543292904643808,0.20469605030046192,0.3526281873007619,-0.03453550250589801,0.11361058292532208,0.028297432603845846,0.027444935094964505,0.1463908169890084,0.5292968630297028,-0.038790620636775484,0.00580391561193846,-0.036271530675988976,0.06835644397336901,0.005719753891011874,-0.5086946025641484,0.0512078840546651,0.1986927512116316,-0.012352037122305171,-0.659718286955985,True,-0.19421207262436724,-0.09047609873068856,0.14209775198480395,0.13239119653796966,0.17671268951199792,0.14924073952794137,-0.02380399075488508,0.08114289056500659,0.012895015997117062,0.036165039902167025,-0.028179573629120363,-0.20669037228704873,0.14868326156157932,0.29874318946494527,0.4255037191307829,-0.024061827499204148,-0.062578052383343,0.02699899118834239,0.1148657385450263,-0.1308239070673038,0.15037187254753864,-0.3246932555979025,0.026545956572213546,-0.3182114180012251,-0.06889028562330125,0.49165133952087375,0.21259612759151184,0.003763654004267935,0.13159358356843043,0.03788114924299337,-0.04941344139238274,-0.39108921411458986,-0.11842220375894971,-0.04069047819867516,-0.17207674441451914,-0.21028732920111445,0.1508023199041235,-0.03197872865553257,0.33330567853797943,-0.06607093248146105,-0.2938167031996375,0.170404813151759,-0.34445677794260104,0.0463471199242539,-0.24122871366102033,0.02548417760555011,0.17883617906933535,0.12013515227709382,0.2996056746532746,-0.15397452094048908,-0.11626520383013639
133,LightGBM_r178_BAG_L1,True,0.12641236282166218,2.5086920990758026e-05,0.41185253717657627,0.02651088873280078,-0.3749311970096292,-0.09565601174356946,0.3254020329639737,-0.17556677209434163,-0.03640143444881909,-0.2686755273697745,-0.27722529501807547,-0.11922171261293737,0.35301672361022085,-0.09768080151998644,-0.1874859495713134,-0.2220686150836604,0.09473339008713481,-0.03470788982077792,0.03892333676180519,0.1064209222969569,0.31907319213226143,-0.27589261138336507,0.08667931133267698,0.20308130253043194,0.0015342727405112,1.0494754850295622,-0.11537540319620819,0.06412020157217425,-0.01724721233203183,-0.3389542357958432,0.03045699279652312,-0.019880761773963397,0.20850365093947626,0.20663588837916405,0.3460255456146229,-0.03015927996379062,0.10757764609853891,0.027821771051963925,0.02527099352099112,0.1400839289201501,0.5419166994606816,-0.040160857667751945,0.013337499658238085,-0.041159718079996174,0.0680544577973356,0.008032353952344777,-0.5121280669852346,0.050976087426681055,0.21642215741872337,-0.01196074431802109,-0.6511386344189323,True,-0.19442091880374174,-0.09076300119316374,0.14518715855252454,0.13333266637849384,0.1751121695331763,0.14881863911977988,-0.02347862817258134,0.08314395511582161,0.012756479857402372,0.03739427967440558,-0.026396712066883952,-0.21140535423419424,0.15235682076724028,0.29822224207199494,0.42489440589432464,-0.022983604046206942,-0.06511518285558408,0.02638616404533248,0.1165870742904438,-0.13240551039469467,0.15175959523724866,-0.32878963437667763,0.029687125875697315,-0.3192033186982281,-0.06810681669660794,0.49610195577051663,0.21400201085998663,0.0038081444186281316,0.13597144539146147,0.036691068122855906,-0.05064523158773281,-0.3921550360842996,-0.12158661694070079,-0.04121648385308068,-0.17298769983055193,-0.21033589897913552,0.14887499632325063,-0.03218972694120672,0.3362693681398319,-0.06745697640704147,-0.2961798356588806,0.17094422612350174,-0.3469977308849277,0.04343452023113414,-0.2430476844762169,0.023569267834164437,0.17943260018291146,0.12085902987819408,0.3038545675647248,-0.15351759497239284,-0.11564553191911718
134,LightGBM_r114_BAG_L1,True,0.11617925551744544,0.000577024626470572,0.4053774596881378,0.028257959145537935,-0.3730858490492961,-0.08600493428548932,0.30869726678524806,-0.19664680083123207,-0.040463699025632155,-0.246105813522324,-0.24340745047680518,-0.16013264227026283,0.346862759977542,-0.07207360676306404,-0.1686361489849316,-0.22224309171166978,0.09141074826034536,-0.033972964237598324,0.03660769380040158,0.10537818350111207,0.33073211675078945,-0.283352541050115,0.10256587055905209,0.1949759996419851,-0.0013534732684852707,1.081692365817513,-0.1598278426240275,0.03952718353276998,0.014633712076960173,-0.3214575872048795,0.03825889864561026,-0.011205925326819105,0.2056303728527165,0.24052420410189498,0.3555134930211703,-0.02691453845289364,0.072038130383104,0.028643511633433226,0.03697377881052466,0.11741976659489338,0.5079775831662694,-0.03194855742760465,0.00520616966075089,-0.06922071660872157,0.10036312279502695,0.017420736784262147,-0.5205475560058536,0.06849939037987922,0.2190836762039892,-0.020170792307210746,-0.6804089842260239,True,-0.19030077452877997,-0.08865900438196612,0.15636392385065778,0.1498569619235377,0.15109595445282673,0.14515321444834628,-0.026979313000801065,0.08792023617250459,0.01850205410109062,0.048427408432032394,-0.028391561575250742,-0.20700884738092426,0.13898410012687032,0.29962462230934556,0.42620164083688794,-0.002435916573596668,-0.06043417877730614,0.02366039539856206,0.131179335246742,-0.13929268182382828,0.16050458418417404,-0.3388179331749081,0.02072093709862078,-0.3157864080028473,-0.0711565962035577,0.48580383471130945,0.20187399872433964,0.016805082529732427,0.1186089648667447,-0.0026224063464540845,-0.02894468996033851,-0.3963544694613688,-0.10552826128445776,-0.08432402479813325,-0.18182681490894548,-0.20837012807204267,0.16285143246342093,-0.026968511911754908,0.30289465329631726,-0.06342388053143708,-0.3161198060123516,0.155153951249881,-0.3497605370326133,0.0645691499172206,-0.22408894985627623,0.009609249804892247,0.18605057902467595,0.1318499695389055,0.31003631910140056,-0.14295065111105307,-0.10882374652738466
135,LightGBM_r151_BAG_L1,True,0.11548970201544094,0.00024541393663487945,0.4071598286629807,0.029365153846160955,-0.37383730140382354,-0.08592826367233579,0.3100245737003082,-0.1974473493558192,-0.04027428872686393,-0.2458928827718314,-0.24550220719614732,-0.16197889045806052,0.34698208675241565,-0.07031878881482442,-0.16877748726129707,-0.2231788344428968,0.09133778236595216,-0.03409388092734496,0.0369519036823825,0.10567297571745808,0.3315264883978523,-0.28329876659409986,0.10230482373813116,0.19572298610673952,-0.0018792248686693984,1.0839219431810303,-0.1610755716454894,0.040649746748162185,0.012814755387338301,-0.32223418101441725,0.03866323889579821,-0.01135542347346534,0.20605089288598868,0.24163777555701416,0.3568456246407216,-0.02683065678600669,0.07130951843735393,0.028651246302739006,0.03693688771098411,0.11680001559854311,0.5101556302442515,-0.03176511171769425,0.004806053456966016,-0.06801925491824502,0.10080564808419706,0.01715798675843485,-0.521104043696465,0.0694855425802313,0.21846916739221553,-0.020622770544318256,-0.6824914102308297,True,-0.190418278764365,-0.08896159823602945,0.1571475755314169,0.1510418376297704,0.15046340510159242,0.14533944710982813,-0.027577067958455652,0.08917647054293339,0.018657578307900796,0.04834236755978304,-0.02818822070171528,-0.20935062108894165,0.1401021000882946,0.30015460569261593,0.4256728199399366,-0.0017539877579595292,-0.062281299335603245,0.023488103997603885,0.13221764689105872,-0.14046809810267297,0.162360551447876,-0.341886135716922,0.021041813238075344,-0.3162401042243368,-0.0703554089777458,0.4895511273506944,0.20134354029654716,0.016758993008261773,0.12049100005935437,-0.0028931064913730676,-0.029444655261523955,-0.39872437707489966,-0.104345596503779,-0.08554545273706572,-0.18219328608737412,-0.2083399874811023,0.16151804652785443,-0.027185492749295357,0.3042070743188036,-0.06449784126209838,-0.31772256900520324,0.15553508336591015,-0.35114208088450677,0.06411953316162701,-0.22419262154757444,0.009688945812289287,0.1860875345239487,0.1321029889157467,0.31183043806772376,-0.14256231385649668,-0.10796978616970608
136,LightGBM_r91_BAG_L1,True,0.11736300130023629,-0.0002267919157271551,0.40863727867070393,0.0238595560979133,-0.37661235637280954,-0.08525096985621937,0.3114602083953862,-0.19792827849037672,-0.037510753762684,-0.24468446063416308,-0.24252866711970744,-0.16777508955317263,0.34827987776468283,-0.06262978471428206,-0.1707621016240475,-0.22729376312359958,0.09240312309274015,-0.033680602034746994,0.03387178357096764,0.10572840754640164,0.33863363521569984,-0.28522811108669466,0.10221186932690816,0.18900308282053188,-0.0015208392966230382,1.0886955248163384,-0.16604971020580556,0.03831361647482725,0.016042448790134483,-0.3201743500615408,0.0396158087604031,-0.01074601171653453,0.2008864792785157,0.24209313622688372,0.35904837776437665,-0.026473696977182538,0.062483059550387264,0.02869222944588278,0.03598365325935454,0.12149860538249736,0.5118811644290341,-0.028098553289436126,0.006187525883442087,-0.06878888881934675,0.10367320664349877,0.015405278515547204,-0.5200066242559331,0.07097851516036632,0.21853993022509735,-0.02125368202405909,-0.6835451469768856,True,-0.192998865821045,-0.08449071708706582,0.16410499536829068,0.128522124988786,0.157384806708085,0.14232759505113612,-0.03184022523002342,0.07985001959005625,0.019198718357651256,0.04512975506802582,-0.04007601499594347,-0.1934367662313453,0.12479414459602292,0.2918162085832691,0.42939167040537324,-0.013792791788376463,-0.05648399970136887,0.03768181331128788,0.1201402040493898,-0.1458438508708609,0.1546378512005512,-0.33686075539966487,0.019691968320904456,-0.290765341445207,-0.06909620810108102,0.47687306147093345,0.18606549360133884,0.018342930338190903,0.110706915844627,-0.0004817682301490642,-0.033470131035632976,-0.4022127207660086,-0.07213286569718065,-0.053486871241174294,-0.1760323176542164,-0.2018215847366989,0.1459051274800495,-0.028666792428835776,0.30265499076752306,-0.08069979916981745,-0.29693882788403175,0.16265169971565263,-0.3382197172913992,0.07016930355315777,-0.2124717369215188,-0.002508353056926885,0.17993552946404157,0.1328574645187614,0.29514524265230874,-0.1255036963349203,-0.10594510115703928
137,LightGBM_r37_BAG_L1,True,0.12530194081067597,-0.000684943942908367,0.4167454752081942,0.016830221507438785,-0.38557786262812416,-0.08665561556782587,0.3217101408126749,-0.20199523021126342,-0.039943579417093915,-0.24656480582284004,-0.25747558091145323,-0.16435990398990385,0.35225665138361867,-0.07714910198809066,-0.1636751488004281,-0.23687114278164828,0.09135826072979458,-0.035039408368193595,0.03580745444377854,0.10944853480506145,0.33361994991184407,-0.28772702827389796,0.10237717090197052,0.20128716498338517,-0.0031392538023745933,1.0824849814970607,-0.16925111413047816,0.04669072875182602,0.02004284061866768,-0.32154988414994223,0.035762276750916165,-0.012282059959436287,0.207669949540229,0.2455895582780344,0.36197339988480115,-0.0359036767052669,0.060000552689631885,0.030221282882231748,0.026854523862876793,0.1256797224874744,0.5208111486777766,-0.022701077507712965,0.010373064668881202,-0.06422567797084025,0.09833006417086153,0.01752542102662558,-0.5197706694616074,0.07616491923107552,0.2233081316191406,-0.018805493076433994,-0.6767362945041864,True,-0.19394670551871804,-0.09039046585137271,0.15696143417317815,0.12569951470078064,0.15467771504313843,0.14806678634743095,-0.023777380902186927,0.07790391225601973,0.02143254795713002,0.0475294542894045,-0.03563965629986135,-0.19253928269445394,0.11841651270726135,0.29818096945467354,0.43233746396016465,-0.013232296172176604,-0.06173721225932912,0.03547231680790852,0.12031103870943248,-0.1455911110388717,0.15664690531174588,-0.3401876357021745,0.014187918786850972,-0.282060616553402,-0.06323923300484348,0.4740571031630954,0.17600566564333478,0.019540129676941513,0.10655060009642087,0.0005163354410447987,-0.036229662717941466,-0.40104403999898697,-0.06648230974633486,-0.04944403988013349,-0.17670746138659796,-0.2048559055452676,0.13770053599767415,-0.025871759375553662,0.2957326579445299,-0.07440369018987053,-0.312003828955382,0.1590818512299253,-0.33539903319481845,0.0753977485825342,-0.2048306087659238,0.0004985663717681094,0.18003536816307963,0.13181817081480704,0.2964037137198893,-0.10508489800656295,-0.10606123011439364
138,RandomForest_r40_BAG_L1,True,0.08606683914415093,-0.001213014683279451,0.3805359885848006,0.03930381351764959,-0.4022386511872292,-0.0815962230610309,0.2473700590719973,-0.17976479481804536,-0.04008596449660188,-0.27384449001602773,-0.24433172390337207,-0.16214166635215158,0.3813206789247638,-0.07481912643323364,-0.16818078006841836,-0.24592530365484902,0.10653225440543088,-0.029357131283238518,0.040760908514189,0.12623840584408244,0.3122084948310394,-0.2684127403595258,0.08456136719749256,0.2931199873489907,-0.0007494478755490628,1.0596566591747598,-0.08784885363706055,-0.05528874436783855,-0.005056184293289022,-0.30895899157629286,0.07195309838554846,-0.01750811028671014,0.23829531747508692,0.1797912334038602,0.36211286504521245,-0.0006527452717343059,0.13107699592720606,0.02315142497823853,0.01787591538750324,0.13019933685793003,0.461408533397915,-0.030384270242600445,-0.0226893975402847,-0.049525900090246266,0.04132642525052412,-0.01616594303096757,-0.5097009183365618,0.08153045580768231,0.33680307715998065,-0.020445220795869485,-0.6941558940328343,True,-0.20343778204408483,-0.09078920197401501,0.1739095279486602,0.14262306241492362,0.18299110128540744,0.14525557114460871,-0.014865941649660062,0.07588634978858182,0.018855579453377624,0.04445877393862323,-0.005051931801394435,-0.22710181678707264,0.1437942286592109,0.317960300643188,0.45432478320602193,-0.03531324951362447,-0.07132598967119069,0.03547820038291064,0.1475411891391304,-0.14675733575858183,0.1903636237530651,-0.39075015127711304,0.007204798076830424,-0.3151758526390963,-0.05062695555357108,0.4734385064781876,0.10700012428526781,0.027542028640624733,0.11036013306931475,0.00016154835293137316,-0.024194005831795488,-0.4178443849075189,-0.05210001854584309,-0.08083954108411569,-0.16317355238384376,-0.21073030900348821,0.13907873792227285,-0.030281762317841823,0.2819045949229256,-0.09748191215056634,-0.2846600089515518,0.14863558992066533,-0.35566709459878526,0.09049586085897962,-0.16332748521631757,0.030726215742624678,0.17421228816639592,0.14705736053843024,0.255407381935719,-0.13139383385489545,-0.11592994170409696
139,LightGBM_r12_BAG_L1,True,0.07966101466876842,0.0009750100345424643,0.3705137332358618,0.026539573854266134,-0.38716475815459606,-0.08087753289016493,0.2546439417079388,-0.17964441294649647,-0.04099615714477343,-0.27605312228051593,-0.22937735791435557,-0.13986967687854635,0.3762757434663899,-0.10060661429180749,-0.1638428174991582,-0.22912843697289914,0.10645794065973542,-0.02956976029755311,0.03708064315661202,0.12277732863570906,0.302862382216568,-0.27233053141499874,0.09375330943236951,0.2817202780961833,0.0048659427242090355,1.0416639342230771,-0.09151151427025449,-0.07185094722214383,0.005648784416752543,-0.31397192427619597,0.07050380165778572,-0.012064781990378432,0.2333860419783979,0.1767926704076847,0.35359077301421676,0.010542022102912734,0.14638716841962687,0.023467044482743005,0.018949814213268468,0.1337766593909478,0.434682749963201,-0.03599505631051366,-0.01946992363733225,-0.047699597690275666,0.03899081565879875,-0.011014727753747138,-0.5116933646647362,0.06965214747678533,0.36329292100166843,-0.01654690645886922,-0.695398499231699,True,-0.19494309533415063,-0.08916834579266554,0.17706024404241238,0.1513537406506149,0.1668260618773687,0.1457200571936056,-0.017200285155763058,0.07203032022551106,0.017025010932843282,0.03880351426207965,-0.009906342697863516,-0.22230815539620913,0.1355078530532943,0.3092761771140092,0.45417254714686617,-0.0235832256502792,-0.0632280990786035,0.035536491165811666,0.14770889693594508,-0.14057127729252,0.19330475775787384,-0.39273348175799244,0.01466842471563611,-0.32238271746874664,-0.052688785393631365,0.4638119038472262,0.09797024466953294,0.022857174245487968,0.11347315496069663,0.00789627609569883,-0.02082619461875801,-0.4241963733493598,-0.04993922792632244,-0.0850937348052698,-0.16566410251066144,-0.20444603653974358,0.14994259109121202,-0.03084864384484659,0.2663908247688336,-0.08375576865758806,-0.28234252196743137,0.14774109739353203,-0.3561388880801938,0.09090382188196319,-0.16096490680043304,0.03538088077725275,0.17363079544091714,0.13030824722595116,0.2680886990730743,-0.12430229867882343,-0.12886670079319443
140,CatBoost_r22_BAG_L1,True,0.07502506258070434,-0.0007646472347522882,0.38088843438558057,0.027817791805857514,-0.39638041304038346,-0.08344349729724027,0.2585717763392336,-0.1919615454314886,-0.05092827828158148,-0.27633958762094313,-0.24756296157339583,-0.15147795369485118,0.377236335702851,-0.10394784243925162,-0.15880282658356593,-0.23531473702756792,0.10625630736904237,-0.029929611298589717,0.03777248221718089,0.12610220104488484,0.3210666129665437,-0.2787184583575762,0.09659116447645552,0.2893585076854782,0.0057159506488270095,1.052037292120213,-0.08613716694344928,-0.0681787472192787,0.012271241960578619,-0.32053670103453175,0.07434613426002672,-0.013793759716428326,0.24330418659875108,0.1827956439476448,0.3616928601193559,0.00032956069896795405,0.1415758855446778,0.023768304178820622,0.004984778880668653,0.14517538774236197,0.44986008455217136,-0.022887662391312194,-0.025385647823685055,-0.042521294267236644,0.041318185546994624,-0.011611710429897016,-0.5060879604186647,0.06212523635378292,0.36840215246928754,-0.01667005963516848,-0.7036521643196633,True,-0.19522438365815298,-0.08933810016500698,0.17106674440873776,0.15562202361676103,0.16755102965381252,0.14614469570156685,-0.0158943653083036,0.07725198000351549,0.017341557276811095,0.03910686114748724,-0.010766064691902631,-0.22047001428609306,0.1329675807834967,0.31107579297775,0.4514711289157404,-0.02378728486063487,-0.06423525067718615,0.03517753776931195,0.14852552591151993,-0.14156231034863076,0.19307732288873986,-0.396448475118001,0.010320705604528463,-0.31836656914495826,-0.050948886133106344,0.4610663605221141,0.09754727630236036,0.02266160566988494,0.1155488857792431,0.00702157465873341,-0.016212065522963694,-0.43028650520693534,-0.050418299298715726,-0.0853230228128034,-0.1649465589825827,-0.20512370984666234,0.1457413243931406,-0.03133343276355399,0.2617761895290249,-0.08133200564136836,-0.28129335220483515,0.14537334564574894,-0.35714012062793055,0.09077278011503778,-0.15723604954646697,0.03492448398822888,0.1754695638639221,0.13205135251315334,0.2682264823920615,-0.11654416797631713,-0.1288533485564717
141,XGBoost_r142_BAG_L1,True,0.09089161894125661,-2.596795888151926e-05,0.3808779130687851,0.020435908842024165,-0.4059198394273846,-0.07725920967253201,0.2447130232005858,-0.1895258102357955,-0.053905624082534284,-0.2728363007376283,-0.24743265474871576,-0.14591670611253602,0.3760750786631169,-0.10876536245565804,-0.16127346818809712,-0.23572195172011928,0.10649927395751803,-0.028884498197824075,0.03392315969295854,0.12411550215475319,0.317082888748501,-0.27532849304795604,0.09499878505046346,0.292577116096307,0.006127123308889952,1.0520330377599345,-0.07801492046287237,-0.07336286149070308,0.012524142816381421,-0.3042481350619415,0.06865657616916393,-0.01039457776143962,0.2382470534307521,0.18537462601494992,0.3623162312195035,0.008261785753852377,0.1352986349841592,0.019890783007030725,0.011055355253029657,0.137363769249625,0.449500757266516,-0.030777259303191706,-0.0222746959986955,-0.0342759675066306,0.037486643487967604,-0.01533819445457966,-0.5039277263912968,0.07044839752144148,0.36224022149871593,-0.01831167852645294,-0.6994609419576262,True,-0.19526643846556518,-0.08943489281153726,0.16671002924012734,0.15447624380367447,0.16691960682789836,0.14653928059170837,-0.01570160556194217,0.07954288638485196,0.017820898547794742,0.039066136623286354,-0.01179669924503474,-0.22313892502272153,0.13307296593400236,0.3102647754677662,0.45104482005052415,-0.02305851129559803,-0.06833785466555199,0.033233320137788375,0.14492969255673996,-0.1402372024029913,0.1916017813722556,-0.39378764894247176,0.012181143381679211,-0.31781549495435,-0.047777831966041545,0.45922571282862373,0.09964278449002911,0.02221993803878237,0.11631521188881504,0.00768309613057354,-0.013765403595002616,-0.4296053343371892,-0.047945838581314404,-0.08656454401808361,-0.15923877764213745,-0.20609058084057413,0.14462064343838035,-0.031140813348620244,0.2616622088543715,-0.07639846928326886,-0.28030704888533214,0.14112578811217016,-0.35650737036515784,0.09150402058312855,-0.1616880752415081,0.033991533781238335,0.17638817610217528,0.12914541470975827,0.269224569102381,-0.11462845189181835,-0.1293675009187985
142,XGBoost_r155_BAG_L1,True,0.09156272869113684,1.2173996707400377e-05,0.3832440830855433,0.0250537042105195,-0.41215850939124277,-0.07938829677517681,0.24499751418500115,-0.19165672317450275,-0.048929723530275686,-0.2716539848504649,-0.2513662611333893,-0.14561823110889666,0.3779433857779113,-0.1080898653273715,-0.16060579439292286,-0.2337914066893128,0.10690284148135039,-0.02842375135537889,0.03335340118491222,0.12369111802581326,0.31618889460474187,-0.2756525032325359,0.0930610616195182,0.2915960144926199,0.006278210790533475,1.0573616293663022,-0.07535075141022055,-0.06943994781973618,0.011699496782333205,-0.3048292574243315,0.07311562999847936,-0.011648381560646176,0.23741226665793735,0.18373210128936948,0.36270205687033047,0.008198705154843186,0.13445464919803252,0.019404282041833962,0.01195132512943894,0.13970244246456162,0.45528525829147176,-0.027531033883996695,-0.02569028090071358,-0.033811908618248974,0.03711939516483324,-0.015327994895709914,-0.5040302655550014,0.06413656847171713,0.358106447101532,-0.020452054158632767,-0.7039036858142336,True,-0.18548749833496067,-0.09166053433208847,0.1580634443471533,0.15184696991127578,0.1618190754083879,0.1466799570670026,-0.014445449409682651,0.08372849356130854,0.01914362591757732,0.043097946222200235,-0.006864125795588968,-0.21999217825636044,0.11905564891224009,0.31054270797988,0.4716056125636862,-0.023908666215546964,-0.059137152772151286,0.0333146809315986,0.13748860978846672,-0.14004292909276958,0.17831093007869284,-0.3947272385696391,0.012196924837278625,-0.3114925239358017,-0.04367557494083324,0.45853955107014366,0.09672970637292455,0.019026542966253265,0.13227229897638085,0.0019868165927038736,-0.04093880586538607,-0.4290344884272112,-0.04182413465077315,-0.07717728086311185,-0.15508868338165688,-0.21988980456655075,0.13535833608322184,-0.03368097259019448,0.2727830886839631,-0.08251338052575463,-0.27377668787158743,0.139379556089483,-0.3559195656613527,0.08335249644605812,-0.1645464317443309,0.05298853220613965,0.17467268871142363,0.13385331657533275,0.26004995671889053,-0.13159779427430793,-0.10189781782432197
143,LightGBM_r155_BAG_L1,True,0.0807536921453027,0.0011784919806607716,0.3628702388586049,-0.010887332105529769,-0.4187780916900205,-0.08171982190642305,0.24323073502952863,-0.17381189861968788,-0.05586013842602382,-0.2531005367671906,-0.2315373850499077,-0.13160682796380382,0.378457697438479,-0.09139433591872301,-0.1557248880619571,-0.23745010127469657,0.11363906448050846,-0.029979552670489306,0.029116114451506234,0.1251189129348355,0.29258848839706625,-0.25828765379899177,0.09683237143920793,0.2874381083239203,0.00688018557443187,1.0457900862441867,-0.07931383903734633,-0.06814790378604454,-0.011371033766721557,-0.27617034349107084,0.06027003222988108,-0.010353674162813088,0.21897965901713973,0.20071292258255502,0.35611750224767036,0.009667932174269164,0.12741029071075943,0.023624612790219688,0.031430851434334654,0.13686185629675884,0.4406875919079948,-0.044517916107261954,-0.030016476167568952,-0.05130628030489907,0.025345326922123733,-0.009820204555653007,-0.5078731337483076,0.08464324117223096,0.36630132038670343,-0.024112956332111073,-0.6874365657523482,True,-0.18377547074047515,-0.09390472064975462,0.16214876925904256,0.150342494287024,0.15803889431363982,0.14780685988520212,-0.015837471474825983,0.08774188269268013,0.019324201265416906,0.03809669531527369,-0.004510658515477123,-0.22487144533913478,0.1277958839208111,0.3141732381659746,0.46940389223003043,-0.019819657760982094,-0.05493617065706455,0.03436937767022474,0.15265293065072255,-0.1498073836385081,0.18611526506816267,-0.40104394218337613,0.01371724735072883,-0.3137052521395205,-0.059787454203458074,0.4669996825854953,0.09868850267216901,0.022093855679320762,0.13701483553410926,-0.0017240972356363038,-0.04193170637990335,-0.436550048522445,-0.044327121670532245,-0.07963682344948814,-0.15775856462915283,-0.22268125325496105,0.1375030811054732,-0.03627797039681721,0.276850250340606,-0.07940431928966775,-0.27868816234747107,0.1447285240589132,-0.35928631886955614,0.08554234295240823,-0.17034873976313944,0.049005687929983395,0.1745517729967436,0.12822043432231617,0.2627232202251062,-0.12951613408344323,-0.09700452701056017
144,LightGBM_r49_BAG_L1,True,0.07708648185281043,0.0020044985090822897,0.3603752936545286,-0.02252056828705263,-0.45129936039182134,-0.08074658629573818,0.2275693124823094,-0.1647915539921579,-0.04957109720644027,-0.24585978607617812,-0.239190401070597,-0.1234365146494766,0.3879628980863712,-0.08291217558612819,-0.15092066170252583,-0.24930127303578764,0.1115452985336548,-0.031021324485313348,0.030076220877503692,0.1268949989621175,0.2974934752673108,-0.2544605226212953,0.09197461286159435,0.2790761524982847,0.002560796432920464,1.0326937347909768,-0.06941654027062745,-0.05502874779002786,-0.0121458824319969,-0.25314226064006656,0.06237563456034035,-0.014123214143841373,0.21035680568345883,0.20596934729979008,0.3601038381860155,-0.0034545534106381415,0.12081051988762412,0.023214772278844293,0.03402054807173676,0.13559922574637362,0.4451382080899739,-0.04695420284400269,-0.029414075519472737,-0.031423696534845,0.016251398595067225,-0.01110144889391259,-0.5036017363945485,0.10174870761808029,0.3668879395655688,-0.02370516344858514,-0.6782051300861933,True,-0.18359527786412685,-0.09401600013160816,0.16355080875318442,0.15189263949098658,0.15762215622995618,0.147904310349995,-0.016346281811132055,0.09057922960985543,0.019218424084728035,0.03719778474679216,-0.004622053278587084,-0.22767127887964184,0.12900408995959264,0.3151717659234663,0.4699013895109499,-0.01938067924890991,-0.05666068390702676,0.03444912967123416,0.15414928972013128,-0.15091856269109602,0.18819112774673047,-0.4058866646396362,0.014349163905804194,-0.3152600964917764,-0.05969784324513111,0.47186690911733453,0.09881133530875869,0.022024780452211273,0.1396943640826637,-0.0016652377583607656,-0.0426498465837285,-0.439420210846219,-0.04480308175934253,-0.08119009112263101,-0.15795356703208396,-0.22303750392487723,0.13697828564457032,-0.03666397916350221,0.2776810589798168,-0.080494952370562,-0.2799311457392762,0.14511177411012074,-0.36116197309437176,0.08352276540632711,-0.17065266989288788,0.04871722160359965,0.17491571227889444,0.12844797180179884,0.2652846849732345,-0.12915306233292947,-0.09642495338231663
145,XGBoost_r139_BAG_L1,True,0.07393011607174302,0.0011024806090477882,0.36425886813612585,-0.015072340712164449,-0.4641199015533535,-0.08075342649805861,0.22572806158581757,-0.17072822397440793,-0.04588427705644759,-0.2507845276000751,-0.2420991247925851,-0.12070749547857895,0.3947509476869349,-0.08074465632746278,-0.1602941794573109,-0.2460785825651,0.11418005064037483,-0.030461866240713866,0.02931013161107425,0.12661075064095137,0.30504907572459594,-0.2580464438800337,0.09109145719755586,0.28085481042149807,0.00505547586498274,1.024622766887727,-0.07177333854767612,-0.04580474321260633,-0.0024239313012704754,-0.25798494165611396,0.06918173888356835,-0.018313764410178447,0.21520649444448517,0.2033940361128404,0.35881067906233105,-0.009424243679985397,0.1279068603680586,0.024123950201610855,0.02950958773305192,0.14700369653811196,0.4542325659739929,-0.03464394122237942,-0.027497907690554272,-0.026479362983895676,0.0058121775782194055,-0.013038621985660664,-0.5048440632595127,0.08686143893628012,0.36716606331748697,-0.02450596352986219,-0.688884564170711,True,-0.18392721744642057,-0.09680758652275565,0.1592896063607475,0.14313603169774902,0.16335060699618573,0.1478657107710231,-0.02259793392951765,0.08976373177984147,0.021951822272107305,0.0393161219294474,0.0032017011309793198,-0.2266698614969466,0.11911230832979433,0.3213334034154411,0.45992855401853155,-0.022828538173866895,-0.06744288557044721,0.0361683334996382,0.14330701958797726,-0.14459161765618167,0.18444057382411153,-0.4069803100023629,0.007953312339965136,-0.3221051217114467,-0.05202865826430488,0.4824526579986489,0.09655032374662328,0.021981517537173176,0.14048753029930736,-0.004116217665298333,-0.05146646518791216,-0.43495088812858035,-0.03732458538504631,-0.07889034898707206,-0.16613188255861902,-0.21548838380179133,0.13014637145123376,-0.034269845647009224,0.27415325750451136,-0.07181528872067507,-0.27799666989928096,0.14564205487212906,-0.3478007189359344,0.09799801438724916,-0.16310875952400125,0.04872347582743343,0.1777667790036348,0.13010319041522006,0.2533165374108111,-0.12970287785256515,-0.0917963916648893
146,XGBoost_r105_BAG_L1,True,0.07281758154580352,0.0009207181868619137,0.3657631490110389,-0.013962119138778303,-0.46557965675754265,-0.0807572943653153,0.22690398998062603,-0.17167029979679363,-0.04580797661846682,-0.25069893099018536,-0.24332884967226961,-0.12181708427958814,0.3950978982851399,-0.08123594859392187,-0.1598690309167997,-0.24632349304700252,0.1144366813709343,-0.030485687979107154,0.029470429576784404,0.126891615893245,0.3057516562477121,-0.25797531980832805,0.09088875222320862,0.2805603224082058,0.004843201790350685,1.0267930853409426,-0.0717391265965619,-0.045895311430025613,-0.0038409101702575246,-0.2586169968524928,0.07026818757217596,-0.018418664231632575,0.2154752954862047,0.20359549911913088,0.3595997571235728,-0.008788584867787127,0.127946581000774,0.02406091566937589,0.029342255698911898,0.14688626285832562,0.4558317494445142,-0.034310688495789166,-0.028046435906946603,-0.026258764878200957,0.006271493121174325,-0.013271272287043267,-0.505153796823476,0.08656645871653551,0.3677641839722287,-0.02487999730309031,-0.6908456464348834,True,-0.1825520061491521,-0.1004982577278229,0.15669189430644923,0.14162908356995635,0.1700717835629838,0.15090913979145373,-0.01797103054623142,0.08434162599641415,0.0230417250547863,0.03861892352468633,0.009494900718987344,-0.2293784572247365,0.1107998417794779,0.32138648449197604,0.44586384498145626,-0.027344677343571645,-0.06916264221431398,0.03759889943977971,0.14237430726962752,-0.1348958413760958,0.1755744031515994,-0.3958870725167126,0.0034525731837439654,-0.3221317955011393,-0.06761629486447254,0.4791606496581451,0.09616892461855842,0.01927946812809082,0.14200820358695176,-0.005734529215915679,-0.047013844254863636,-0.43750876163055996,-0.04247968493128059,-0.06791662262335277,-0.16698447848183304,-0.2045677928047432,0.13847826367612728,-0.03539248212273531,0.2688492238887144,-0.06637316220782845,-0.27665110751933386,0.14603915969681866,-0.3408721877994629,0.11161693361714371,-0.16050258820868876,0.05215298622736327,0.17685360591419202,0.1299364740456244,0.23752537085834088,-0.1277856739793461,-0.08902554456632872
147,LightGBM_r189_BAG_L1,True,0.06902651959723456,0.0026574623386791453,0.3633021867066482,-0.01344300359350199,-0.4870530854168598,-0.0764114380231229,0.24052108671041822,-0.1735105230676815,-0.022896651126876236,-0.260968818298784,-0.18391860550898695,-0.12254470756331934,0.41026024929526506,-0.1046938803586125,-0.16102004156453534,-0.21816234197398313,0.11929089344106558,-0.023899921395171383,0.026725990944552632,0.11647787437484824,0.29108724584241175,-0.25980910940435586,0.08291598138192485,0.24098029387356068,0.009999561935003896,1.017495528095878,-0.04778822586339719,-0.05529475275779766,-0.006908368952393913,-0.26703357994421123,0.08648892724935053,-0.012407705366568662,0.20913640901979888,0.17619775084376257,0.33826415194174664,0.01928708030177722,0.15466207167015,0.02151269454922411,0.05478342126956042,0.14121789544326765,0.4245766735947697,-0.06148090349568262,-0.024397287672802716,-0.05450918280758849,0.0054314496359407155,-0.007565916221586847,-0.5202054778943582,0.08969657305286012,0.37267959312230414,-0.02869982057082919,-0.6999884235318663,True,-0.17505848828408663,-0.10000282618450124,0.1501029201463633,0.13028612567384665,0.15820306049963556,0.15012030186857392,-0.023248568141357936,0.07430921596175938,0.02673309450990749,0.04509639119882624,0.01169332675663381,-0.2180960310246583,0.09505950260273678,0.3250567019955488,0.44654342624993537,-0.021099382956270445,-0.05681796026615283,0.035342850708401576,0.1346581645206437,-0.10945409466733515,0.1633397930922915,-0.38710268938473524,-0.004226259627919046,-0.32462951188009526,-0.06409639086755317,0.4689260007958842,0.08982642117121249,0.012005039573467729,0.13916253208297724,0.008232098945736567,-0.05606003393011824,-0.43216803312343777,-0.03480729119987604,-0.06861722178584773,-0.1676751115180913,-0.20197127027315012,0.14226528971706778,-0.03035803501194779,0.24954932731806256,-0.04729822108136197,-0.27238838556971867,0.13718640987559605,-0.3153834664279833,0.12594287763494239,-0.15327057767961302,0.06500673576025459,0.17311051412130865,0.11592725251399366,0.22325996974192575,-0.12948905524895724,-0.10968738572558272
148,CatBoost_r71_BAG_L1,True,0.06927501459392084,0.002836698719117586,0.3639507992516391,-0.011031404465963552,-0.48619666952465523,-0.07599372086208986,0.2410773740237016,-0.17287051278541582,-0.022015264132835995,-0.2623159395893353,-0.18010094197133952,-0.12144114994138014,0.409540890912497,-0.10696005682399805,-0.16236270919524023,-0.21689240194946616,0.11788365639441592,-0.023705518412571465,0.027236335451904757,0.11667549343744212,0.28780918409273576,-0.2586385980119019,0.08219867100622553,0.240555056207061,0.009450829028561761,1.0175432992089797,-0.04845503294400956,-0.05674384036250263,-0.007566131225860651,-0.26776141130604486,0.08400642550282182,-0.01223388058348781,0.20639530157393648,0.17730919570595438,0.3386469641934596,0.02139297613915037,0.15280415807720216,0.02144646024364699,0.05576660098490325,0.13927264198283915,0.42413431610934343,-0.06282265854450379,-0.022408731116310775,-0.05384819277690742,0.005140076502545049,-0.00848969334242762,-0.5198796052866099,0.09078489700869352,0.37391214779521603,-0.028999471493485973,-0.7012904900373479,True,-0.1711003546446241,-0.0985248249210353,0.09580405959669384,0.13895775206057348,0.15715850532283807,0.14932410746981367,-0.043404083200268874,0.06932105994762104,0.025601971925369716,0.05707577792831852,0.011596079681309561,-0.21256764136423767,0.06548143536411948,0.3655657772151989,0.4131347407268849,-0.022922713768003717,-0.06425664246502316,0.02917387552874563,0.13435812406745928,-0.09795655985563947,0.15119104425958044,-0.3684082080986591,-0.023913549010864482,-0.2869990013496678,-0.08177704642348176,0.4958316971122714,0.0642415802689055,0.012598086686556188,0.12452261935729492,0.008150764542795912,-0.0573522064847495,-0.4292750050108335,-0.00377775191653243,-0.023122378087298102,-0.14714808098607,-0.21829069354142777,0.1443616957083216,-0.033984287902804146,0.22755556453414638,-0.02447725684119511,-0.254965590058431,0.11136780626741492,-0.3088488059801582,0.16108236871745726,-0.1973254141912543,0.06030698236760332,0.1812900750746058,0.1209841558746668,0.21057426876199967,-0.08700814170744213,-0.10014514003900829
149,CatBoost_r152_BAG_L1,True,0.0643010186383116,0.0016271904195410227,0.3722273181735972,-0.01293838823295226,-0.4864861799439545,-0.07860835405058196,0.241440908933734,-0.18298211872830167,-0.031563063472383884,-0.26460021170416387,-0.19186985276699,-0.1264763187487601,0.4077342878634117,-0.11039722289675936,-0.16130114033183776,-0.22143060517332097,0.11720422260319902,-0.023397760455227797,0.027150058764474554,0.11640470182432641,0.3020299781103367,-0.26803280316455613,0.08480170085225536,0.25108161158960274,0.010610714142197945,1.0205393731043273,-0.0457169375637278,-0.04901965358684426,0.011061425869473323,-0.2734662425224753,0.08467231545119557,-0.013594817423154618,0.21001709433924498,0.19021858477922163,0.3459450144590982,0.0126563960487513,0.14028155689021948,0.021680526770780275,0.04658266987335114,0.14804818294302657,0.4381573349917558,-0.052650793656971784,-0.024752301629332476,-0.04567189104870735,0.00260240166315454,-0.00999460430854323,-0.5151567640247311,0.08600590730835003,0.3799992831632201,-0.0297740784016697,-0.7100720832741381,True,-0.17571540627549997,-0.09972207458746199,0.08712887924552346,0.12992837290664097,0.1595871405331695,0.14902013135784586,-0.041375219539381135,0.07985926501557689,0.027233902215158114,0.06183652243559131,0.018816650291948633,-0.2011939559317712,0.06799321682709134,0.36799275955206046,0.41448610355179893,-0.0220681779768532,-0.06319151874566778,0.03083646532629439,0.13339788992157708,-0.10434423566509683,0.14431389200746428,-0.3809366477640635,-0.035509723216483526,-0.28178352541889823,-0.06795176945756858,0.4819398747783097,0.0721850348679465,0.014821479357158817,0.12888945477621452,0.004077588628749225,-0.04011263440733546,-0.43823311209494253,0.004155790295793353,-0.03899435297732968,-0.14965495517642396,-0.22139129740749783,0.12258798130666791,-0.03248062148890729,0.21719926774997586,-0.02238000556750035,-0.25058243329035773,0.11260752595805718,-0.3064957350069878,0.1601503361159235,-0.18295415518497024,0.05562105221492752,0.18178540167353852,0.12186598343270419,0.20663726603691748,-0.07456751681775747,-0.10450547666317718
150,XGBoost_r176_BAG_L1,True,0.06267960319065907,0.001333641319614247,0.37365005688937025,-0.009918942883467197,-0.48286777484975313,-0.07850860048275198,0.24285822578065883,-0.18330949276914849,-0.03243948513175977,-0.2644137908351915,-0.19327514788185526,-0.13040584778640524,0.4059809194152744,-0.11516298987708407,-0.1563273463928924,-0.22274059821640707,0.1162171121656975,-0.02340199037483555,0.02891945910432728,0.11664463694222053,0.30258202925193994,-0.26673742522862226,0.08410469300765516,0.24822719824401043,0.009263670769395839,1.0287980878743368,-0.043614648836726666,-0.053177668755979776,0.0076231227138546485,-0.27430823735664595,0.08470361794879473,-0.013420265181263786,0.20997121583654568,0.19160427255944396,0.34933315590987085,0.015160839361560562,0.14041362961927173,0.021067719417649122,0.04537777039408126,0.1441964348123287,0.4390485885086218,-0.054547659107241964,-0.025881687222543557,-0.044788647762926806,0.006914722976663987,-0.010248173577629072,-0.5134114996182377,0.08838554515636321,0.38184775738155474,-0.030249203439743712,-0.7147301699833583,True,-0.17543983347607944,-0.10021390240797229,0.08755436199269931,0.13088230885923213,0.15984054009613557,0.14912542545986907,-0.04176443086924499,0.08221139918037576,0.02743302068701662,0.06140901393494339,0.01984685902138318,-0.2042511960090102,0.06947467406035777,0.36944461895631586,0.4142863410301279,-0.022119772485907994,-0.06385525453643232,0.030999193298110714,0.13514090391272748,-0.10513135810775977,0.1455103009335375,-0.38544160548220985,-0.03579819650044045,-0.28339643849706914,-0.06860007043923827,0.4878476213805959,0.07235411878909748,0.014568408530247705,0.13154792563891599,0.003899691989731591,-0.04021112118494437,-0.4407836553816716,0.003881308288383082,-0.04083142418235593,-0.15064393882262514,-0.2218658780273488,0.12107012462922388,-0.03279333497093033,0.21777335389847896,-0.023342081576232025,-0.2512495429497741,0.11355547732521808,-0.30685220375973127,0.15947708067882693,-0.18309979477546687,0.055603181626699555,0.18233014304350834,0.12248652593509961,0.20675520299729203,-0.07568359244892917,-0.10380044817167165
151,XGBoost_r137_BAG_L1,True,0.06486566425561999,0.0009635018868876227,0.3761220325601659,-0.006379276068702241,-0.48688938933752,-0.07743611183953947,0.24124150410520964,-0.18380168668513464,-0.03360700334666402,-0.2640841482181545,-0.1972205977860828,-0.13312532790060616,0.40607371513510876,-0.11812940476008876,-0.15251465579364487,-0.2248144364991276,0.11625738536775865,-0.02330407070076547,0.029624635768357527,0.1175284043300054,0.30255933205679036,-0.2668370829344289,0.08308534576349177,0.2496503661142089,0.008467303296165917,1.0334643900872738,-0.0426029597883042,-0.05466266296226485,0.007803328201597999,-0.2735703454631354,0.08386151533504559,-0.014239665941965816,0.20999026899631823,0.19267674348134653,0.35171006200718796,0.015615764457204317,0.14060168611302606,0.020246947728886598,0.04359631702372762,0.1440469118733738,0.44256959921426087,-0.054626371786981494,-0.026015032873027193,-0.04170474340154479,0.00811954754454919,-0.01108008411548421,-0.5117959869604015,0.08868307012437372,0.3801730588686445,-0.030577794194155804,-0.7159584219170718,True,-0.1751225826646302,-0.10044798400657298,0.08740638509551155,0.13231687501861988,0.160017672162061,0.1490473902296713,-0.04268295703009134,0.08528311027510357,0.027417638207389457,0.06100151497951191,0.020585051034185144,-0.20726475034748684,0.07090310541462891,0.37096582271081213,0.4132442518426856,-0.02203182631710526,-0.0645713741058855,0.031037196016910833,0.1366416897385035,-0.10616114076235515,0.14704444220348006,-0.39038860684065047,-0.035859115157639676,-0.28502227639433153,-0.06814473107912018,0.4933057300903285,0.07290951352957936,0.014298867092821129,0.1338798678740107,0.003606358544182599,-0.04145751229842171,-0.44330748762060623,0.003370545243319288,-0.04143428353366464,-0.1509728191856423,-0.22174376061673565,0.12103662335394862,-0.03314197822918636,0.21882535089213714,-0.024300713039800834,-0.25253487172444194,0.113927330345505,-0.30827266854945445,0.15875711113205068,-0.18327207836523543,0.05574407068124316,0.18254763035943533,0.1231423574435576,0.2073728801283013,-0.07598829623774345,-0.1031612594168846
152,KNeighbors_r125_BAG_L1,True,0.06547330180786774,-6.343993962944667e-05,0.37649012786035335,-0.07606161517468381,-0.5010938928757261,-0.08335315046929916,0.22417418396501437,-0.1373793676142013,-0.04790529580682071,-0.23169709989727477,-0.12374918237287012,-0.1625561498885222,0.397178057682752,-0.16485640118383635,-0.18355422433179222,-0.2570039453640163,0.1226779859601808,-0.01625434932263283,0.02148504960896573,0.11449925596886301,0.353386425576619,-0.24668377392310262,0.05870857675801831,0.2302469178928033,0.010687595663806868,1.0907201801878579,-0.02581113561575373,-0.14337413273972077,0.03156520664893641,-0.18763538545299646,0.0889524014240267,-0.03165367926496958,0.1404391142642139,0.14470706006154896,0.3708056051609244,0.028892587964338592,0.12087979700006568,0.020652390186819566,0.035333161268043964,0.1723040664241306,0.43991549010064357,-0.05488773895621682,-0.024571393299550492,-0.06763086952584277,0.024710921386068608,-0.04659980530173422,-0.4713560043546768,0.08113454125751328,0.41463434484553213,-0.033564771095119114,-0.6886402469974715,True,-0.1770479967360207,-0.10240741627120174,0.0879610691846751,0.12550835748608774,0.15949924549009528,0.15019106911481053,-0.04393111185857239,0.08125334705114907,0.02831321521589602,0.06306263784814012,0.02401040410104179,-0.20830208383928772,0.07090610625575905,0.3728544672690346,0.41267672255306054,-0.02159142022900401,-0.06679229374463566,0.030539163347315414,0.13503064853935337,-0.10505479226286032,0.1485875962640462,-0.38786565012048274,-0.03679587199399777,-0.28595826326545404,-0.06787860430502213,0.49602899462418293,0.07737205195617773,0.016510395469398843,0.1388254530967134,-0.003276339290058911,-0.043148971510183425,-0.4433819387011296,-0.00020599799855504716,-0.04292351360671864,-0.1528647635961021,-0.2203334381972789,0.11864846235798725,-0.03249851179543641,0.21910803910371685,-0.025955746258675406,-0.254688213535178,0.11440810614313224,-0.3083941800548171,0.1624681780574187,-0.18022147017538978,0.05560278477749194,0.18455741384389163,0.1267533883510094,0.2054084706626459,-0.07589619547664464,-0.09909040598677454
153,LightGBM_r45_BAG_L1,True,0.0675362696123582,0.0017985498454458815,0.37330874438328976,-0.08327611073048949,-0.4957923708450392,-0.08651730455138597,0.22411835863608356,-0.13779291373208785,-0.05188546779249608,-0.23228989429442518,-0.12146858686971246,-0.16028276210401962,0.3955704138190463,-0.1684999614839086,-0.1823645791483186,-0.2574683272703195,0.12121056691905893,-0.015700495693847752,0.020938690021632796,0.11307407754389502,0.3472470360206971,-0.2446271531964537,0.05824052163068219,0.23135820135090238,0.010385461440061694,1.0904151887781701,-0.018583092995203034,-0.14307135459471654,0.03210345812604549,-0.185478004610041,0.0804504769219512,-0.028748637990957036,0.14991676005497023,0.1472274671231937,0.36988188661402116,0.02932576434957944,0.1104476027461156,0.01990867308823766,0.034735080970814736,0.16906612053028483,0.43902426904913955,-0.05677562096305576,-0.02080795444153911,-0.06515380235866076,0.024391482891098066,-0.046252504418389025,-0.46845231148681893,0.0883338806381296,0.4110994426279059,-0.03309912554794503,-0.6842713045013079,True,-0.16733575703576675,-0.10478086620337265,0.09807291244568134,0.13373509069262632,0.14651935148134682,0.15049918583596877,-0.06695982337447233,0.11304177814871554,0.031042625378312417,0.055585642045095626,0.02399057406959889,-0.24142647723816074,0.07987369605584634,0.38004178361232976,0.4215899473067706,-0.011391299261603337,-0.060209791041729015,0.03120140882544883,0.14804958195476867,-0.11706620149383375,0.1687790615121943,-0.4093755601338779,-0.027142083663744706,-0.29026305975303274,-0.0658649594713066,0.5203501647192134,0.0731647590265649,0.01908979516937065,0.13587863337636658,-0.008693958248040458,-0.04717482807494942,-0.4593072732078406,0.011429443393412437,-0.06911405704495886,-0.13665609756061306,-0.24015970448095603,0.1199174600861073,-0.0366884279140996,0.22589330440298697,-0.050935390578363285,-0.26726798629784443,0.11449945705640285,-0.3184838977926099,0.15493926576846995,-0.1781813968883869,0.05874515391066589,0.18592282460329349,0.12245177478544417,0.22440132717120853,-0.08708038329565067,-0.092993285850985
154,LightGBM_r185_BAG_L1,True,0.07490183588043325,0.0028671784092397065,0.3722228492913818,-0.11512874645160201,-0.48312775816592607,-0.08073892777013263,0.21819500229004432,-0.14280201413251387,-0.0500014325412427,-0.23268741841952875,-0.12834921125064203,-0.1539807740335339,0.3891316809005933,-0.17482494548003583,-0.18632023511437965,-0.2552441142121917,0.12319381145479365,-0.01674486632536417,0.011492779207591055,0.10983795227628866,0.36110287814900477,-0.25801714199239467,0.06546425817032019,0.22820127309931526,0.01407058677392483,1.0952314146908178,0.0028357875122492493,-0.15771797940479404,0.05127731617290118,-0.1849094001938902,0.09282112726060178,-0.0202509022920676,0.14974242116778536,0.12950563270109078,0.36926868309606403,0.03324872887657318,0.1020925083305007,0.017841148208392905,0.03616847349311774,0.17775217443392127,0.42814215210725487,-0.048778542315746756,-0.021905084837817636,-0.06050173668620543,0.03129617575954205,-0.048090138740431845,-0.469211700034445,0.07706341280622268,0.4189710854844925,-0.031277473000141894,-0.6806608254607871,True,-0.16705084009317386,-0.1049680552333462,0.0985298470415974,0.13429521342793097,0.14601818722282367,0.15056699655759265,-0.06761610998172951,0.11574451656214425,0.031104630408738305,0.055083006578970584,0.02437035553895272,-0.24445061737000356,0.08033882230519046,0.3818783821871239,0.4216005661020336,-0.010970538878885302,-0.06150256360704287,0.03125215413219323,0.14925392553620329,-0.11768814632581658,0.17029002819214004,-0.41401932783742706,-0.027138570634510806,-0.29170227859361714,-0.06576448069560784,0.5257787843712272,0.07295303382561734,0.018979939774787048,0.13823445069527207,-0.008609698878324957,-0.04821819280526221,-0.4621542769617049,0.011349376655602919,-0.07039095361645868,-0.13698962777385132,-0.2403735392181448,0.11962967262765713,-0.036944038824260624,0.2261078902878567,-0.05145885658667062,-0.2684224408302708,0.1148073693860769,-0.31984585635799406,0.1541460292347999,-0.17839642184397422,0.05873089694437976,0.18629825935228547,0.12249734080563335,0.22629180196307283,-0.08627011774090129,-0.09238107573698606
155,CatBoost_r105_BAG_L1,True,0.07863372469533958,0.0030699594341727972,0.3722628587256217,-0.10757355607950025,-0.49950074028274677,-0.0817488491239441,0.2138562851371363,-0.15232130754243323,-0.051680823648568054,-0.23552769887558636,-0.1352676811342042,-0.15731174852971055,0.39443268015243893,-0.1734066177620326,-0.18630574979983724,-0.24661372843461102,0.12934563297342486,-0.0158431181610891,0.00946245958587105,0.11126061313895352,0.3683428901550598,-0.25606045545583583,0.06818204179675291,0.2260714813365367,0.016048495000066117,1.0981832716795505,0.00896262579552451,-0.1549943764627032,0.04472486887571763,-0.18325304671436904,0.0970708261895131,-0.02021479745659593,0.1440803072490554,0.13769148662323394,0.36461623826473977,0.03430295909355696,0.11447466899420444,0.016037817793481134,0.035728714776178415,0.1816913031568716,0.4327225532450905,-0.04430391947984683,-0.022251582279265877,-0.07416166391131937,0.022637267321142743,-0.047316230245027506,-0.4667611748025682,0.06573538368668777,0.4242542110624462,-0.034519889713721746,-0.6928812281042016,True,-0.18126221423138106,-0.10253841692944875,0.10112765450836672,0.154033478008656,0.1587565270556157,0.15484367818291545,-0.056216409070742906,0.08221400864755396,0.030949964967024023,0.06648498346235467,0.009875888295653508,-0.21231554289034565,0.11723432956578993,0.3782506674698042,0.36102428363878164,-0.005323794613926138,-0.11605932238797118,0.021197498410176836,0.1329985282175113,-0.10823600792468414,0.16263027649491588,-0.398053670312128,-0.029105312022857772,-0.224139084541478,0.006562194962659595,0.47725555365809014,0.0794207398001987,0.01711904943463068,0.1110431261262052,-0.011369829110703531,-0.0668039233711135,-0.4397238245293631,0.01978325361635977,-0.10695188690036037,-0.1611339385218377,-0.20456276192096032,0.14949987476246202,-0.03648034735069156,0.2757957433668773,-0.04364882847917677,-0.28695281344082857,0.1177991151516814,-0.2596548863116782,0.16129946457597139,-0.20138490983671659,0.03285693285697648,0.1411852940355151,0.11898444467191463,0.18267717471395248,-0.1133444110873248,-0.08046771457652639
